Workbook
Name __123Graph_A_4: #REF!
Name __123Graph_A_4: #REF!
Name __123Graph_A_4: #REF!
Name __123Graph_A_4: #REF!
Name __123Graph_A_4: #REF!
Name __123Graph_A_4: #REF!
Name __123Graph_A_4: #REF!
Name __123Graph_A_4: #REF!
Name __123Graph_A_4: #REF!
Name __123Graph_A_4: #REF!
Name __123Graph_A_4: #REF!
Name __123Graph_A_4: #REF!
Name __123Graph_X_1: #REF!
Name __123Graph_X_1: #REF!
Name __123Graph_X_1: #REF!
Name __123Graph_X_1: #REF!
Name __123Graph_X_1: #REF!
Name __123Graph_X_1: #REF!
Name __123Graph_X_1: #REF!
Name __123Graph_X_1: #REF!
Name __123Graph_X_1: #REF!
Name __123Graph_X_1: #REF!
Name __123Graph_X_1: #REF!
Name __123Graph_X_1: #REF!
Name aaa: #REF!
Name aaa: #REF!
Name aaa: #REF!
Name aaa: #REF!
Name aaa: #REF!
Name aaa: #REF!
Name aaa: #REF!
Name aaa: #REF!
Name aaa: #REF!
Name aaa: #REF!
Name aaa: #REF!
Name aaa: #REF!
Name aaab: #REF!
Name aaab: #REF!
Name aaab: #REF!
Name aaab: #REF!
Name aaab: #REF!
Name aaab: #REF!
Name aaab: #REF!
Name aaab: #REF!
Name aaab: #REF!
Name aaab: #REF!
Name aaab: #REF!
Name aaab: #REF!
Name aaad: #REF!
Name aaad: #REF!
Name aaad: #REF!
Name aaad: #REF!
Name aaad: #REF!
Name aaad: #REF!
Name aaad: #REF!
Name aaad: #REF!
Name aaad: #REF!
Name aaad: #REF!
Name aaad: #REF!
Name aaad: #REF!

Sheet 7.1
G1: JENAYAH KOMERSIAL
G2: COMMERCIAL CRIMES
B5: Jadual 7.1 | C5: : Statistik kes dan kerugian mengikut kesalahan, Malaysia, 2021–2023
B6: Table 7.1 | C6: : Statistics of cases and losses by offence, Malaysia, 2021–2023
B9: Kesalahan Offence | D9: Tahun Year | E9: Bilangan kes Number of cases | F9: Kerugian Losses (RM juta/ RM million)
B11: Jumlah | D11: 2021 | E11: =SUM(E15,E19,E23,E27,E31,E35,E39,E43,E47) -> 31490 | F11: =SUM(F15,F19,F23,F27,F31,F35,F39,F43,F47) -> 2206.4449
B12: Total | D12: 2022 | E12: =SUM(E16,E20,E24,E28,E32,E36,E40,E44,E48) -> 30536 | F12: =SUM(F16,F20,F24,F28,F32,F36,F40,F44,F48) -> 1732.63
D13: 2023 | E13: =SUM(E17,E21,E25,E29,E33,E37,E41,E45,E49) -> 40350 | F13: =SUM(F17,F21,F25,F29,F33,F37,F41,F45,F49) -> 2111.65
B15: Tipu | D15: 2021 | E15: 28842 | F15: 1360.3424
B16: Fraud | D16: 2022 | E16: 27967 | F16: =ROUND(J16/1000000,2) -> 1375.87 | J16: 1.3758708e+09
D17: 2023 | E17: 36936 | F17: =ROUND(J17/1000000,2) -> 1678.08 | J17: 1.6780825e+09
B19: Pecah amanah jenayah | D19: 2021 | E19: 942 | F19: 824.68789
B20: Criminal breach of trust | D20: 2022 | E20: 909 | F20: =ROUND(J20/1000000,2) -> 331.58 | J20: 3.3157808e+08
D21: 2023 | E21: 1217 | F21: =ROUND(J21/1000000,2) -> 381.99 | J21: 3.8198746e+08
B23: Akta Pemberi Pinjam Wang 1951 | D23: 2021 | E23: 847 | F23: 3.8976819
B24: Money Lender Act 1951 | D24: 2022 | E24: 832 | F24: =ROUND(J24/1000000,2) -> 4.94 | J24: 4935188
D25: 2023 | E25: 994 | F25: =ROUND(J25/1000000,2) -> 5.47 | J25: 5472598.3
B27: Jenayah siber | D27: 2021 | E27: 400 | F27: 13.595358
B28: Cyber crime | D28: 2022 | E28: 574 | F28: =ROUND(J28/1000000,2) -> 17.7 | J28: 17699869
D29: 2023 | E29: 869 | F29: =ROUND(J29/1000000,2) -> 35.65 | J29: 35649849
B31: Wang palsu | D31: 2021 | E31: 204 | F31: 0.0503607
B32: Counterfeit money | D32: 2022 | E32: 62 | F32: =ROUND(J32/1000000,2) -> 0.13 | J32: 133746
D33: 2023 | E33: 68 | F33: =ROUND(J33/1000000,2) -> 0.25 | J33: 245330
B35: Pemalsuan | D35: 2021 | E35: 115 | F35: 0.90877999
B36: Forgery | D36: 2022 | E36: 81 | F36: =ROUND(J36/1000000,2) -> 0.45 | J36: 448529
D37: 2023 | E37: 134 | F37: =ROUND(J37/1000000,2) -> 6.87 | J37: 6874030.6
B39: Salah guna harta | D39: 2021 | E39: 57 | F39: 2.9127398
B40: Misuse of property | D40: 2022 | E40: 28 | F40: =ROUND(J40/1000000,2) -> 1.29 | J40: 1287168.4
D41: 2023 | E41: 47 | F41: =ROUND(J41/1000000,2) -> 2.54 | J41: 2542654.6
B43: Kes VCD/ DVD tanpa sijil Ba | D43: 2021 | E43: 21 | F43: -
B44: Case of VCD/ DVD without certificate B | D44: 2022 | E44: 7 | F44: -
D45: 2023 | E45: 15 | F45: -
B47: Lain-lain kesb | D47: 2021 | E47: 62 | F47: 0.04974
B48: Others case | D48: 2022 | E48: 76 | F48: =ROUND(J48/1000000,2) -> 0.67 | J48: 665535.7
D49: 2023 | E49: 70 | F49: =ROUND(J49/1000000,2) -> 0.8 | J49: 795440.96
G51: Sumber: Polis Diraja Malaysia
G52: Source: Royal Malaysia Police
A53: Nota/ Notes:
A54: a Akta Penapisan Filem 2002
A55: Film Censorship Act 2002
A56: b Termasuk Akta Kesalahan Kecil (Akta 336), Akta Imigresen (Akta 155), Akta Pendaftaran Negara (Akta 78),
A57: Akta Pasport (Akta 150), Akta Bank Negara (Akta 519), Akta Kastam (Akta 235), Akta Profession Undang-undang (Akta 166),
A58: Akta Mesin Cetak dan Penerbitan (Akta 301), Akta Pemegang Pajak Gadai (Akta 81), dll
A59: Minor Offenses Act (Act 336), Immigration Act (Act 155), National Registration Act (Act 78), Passport Act (Act 150),
A60: National Bank Act (Act 519), Customs Act (Act 235), Legal Profession Act (Act 166),
A61: Printing Presses And Publishing Act (Act 301), Mortgagee Act (Act 81), etc

Sheet 7.2
P2: JENAYAH KOMERSIAL
P3: COMMERCIAL CRIMES
B5: Jadual 7.2 | C5: : Statistik kes dan kerugian jenayah dalam talian, mengikut negeri, Malaysia, 2021–2023
B6: Table 7.2 | C6: : Statistics of cases and losses for online crime by state , Malaysia, 2021–2023
B10: Negeri | D10: Tahun | E10: Jumlah | H10: Jenayah telekomunikasi | K10: E-kewangan | N10: Love scam
B11: State | D11: Year | E11: Total | H11: Telecommunication crime | K11: e-Finance
E12: Kes | F12: RM | H12: Kes | I12: RM | K12: Kes | L12: RM | N12: Kes | O12: RM
E13: Case | H13: Case | K13: Case | N13: Case
B16: MALAYSIA | D16: 2021 | E16: =SUM(H16,K16,N16,'7.2(1)'!E16,'7.2(1)'!H16,'7.2(1)'!K16) -> 26257 | F16: =SUM(I16,L16,O16,'7.2(1)'!F16,'7.2(1)'!I16,'7.2(1)'!L16) -> 6.9843553e+08 | H16: =SUM(H20,H24,H28,H32,H36,H40,H44,H48,H52,H56,H60,H64,H68,H72) -> 6423 | I16: =SUM(I20,I24,I28,I32,I36,I40,I44,I48,I52,I56,I60,I64,I68,I72) -> 1.995503e+08 | K16: =SUM(K20,K24,K28,K32,K36,K40,K44,K48,K52,K56,K60,K64,K68,K72) -> 896 | L16: =SUM(L20,L24,L28,L32,L36,L40,L44,L48,L52,L56,L60,L64,L68,L72) -> 73454968 | N16: =SUM(N20,N24,N28,N32,N36,N40,N44,N48,N52,N56,N60,N64,N68,N72) -> 1460 | O16: =SUM(O20,O24,O28,O32,O36,O40,O44,O48,O52,O56,O60,O64,O68,O72) -> 56743230
D17: 2022 | E17: =SUM(H17,K17,N17,'7.2(1)'!E17,'7.2(1)'!H17,'7.2(1)'!K17) -> 25479 | F17: =SUM(I17,L17,O17,'7.2(1)'!F17,'7.2(1)'!I17,'7.2(1)'!L17) -> 8.5112164e+08 | H17: =SUM(H21,H25,H29,H33,H37,H41,H45,H49,H53,H57,H61,H65,H69,H73) -> 7732 | I17: =SUM(I21,I25,I29,I33,I37,I41,I45,I49,I53,I57,I61,I65,I69,I73) -> 3.2136152e+08 | K17: =SUM(K21,K25,K29,K33,K37,K41,K45,K49,K53,K57,K61,K65,K69,K73) -> 1257 | L17: =SUM(L21,L25,L29,L33,L37,L41,L45,L49,L53,L57,L61,L65,L69,L73) -> 76216960 | N17: =SUM(N21,N25,N29,N33,N37,N41,N45,N49,N53,N57,N61,N65,N69,N73) -> 792 | O17: =SUM(O21,O25,O29,O33,O37,O41,O45,O49,O53,O57,O61,O65,O69,O73) -> 56273794
D18: 2023 | E18: =SUM(H18,K18,N18,'7.2(1)'!E18,'7.2(1)'!H18,'7.2(1)'!K18) -> 34532 | F18: =SUM(I18,L18,O18,'7.2(1)'!F18,'7.2(1)'!I18,'7.2(1)'!L18) -> 1.220302e+09 | H18: =SUM(H22,H26,H30,H34,H38,H42,H46,H50,H54,H58,H62,H66,H70,H74) -> 10368 | I18: =SUM(I22,I26,I30,I34,I38,I42,I46,I50,I54,I58,I62,I66,I70,I74) -> 3.535911e+08 | K18: =SUM(K22,K26,K30,K34,K38,K42,K46,K50,K54,K58,K62,K66,K70,K74) -> 2092 | L18: =SUM(L22,L26,L30,L34,L38,L42,L46,L50,L54,L58,L62,L66,L70,L74) -> 1.0490225e+08 | N18: =SUM(N22,N26,N30,N34,N38,N42,N46,N50,N54,N58,N62,N66,N70,N74) -> 935 | O18: =SUM(O22,O26,O30,O34,O38,O42,O46,O50,O54,O58,O62,O66,O70,O74) -> 43952599
B20: Johor | D20: 2021 | E20: =SUM(H20,K20,N20,'7.2(1)'!E20,'7.2(1)'!H20,'7.2(1)'!K20) -> 2552 | F20: =SUM(I20,L20,O20,'7.2(1)'!F20,'7.2(1)'!I20,'7.2(1)'!L20) -> 64682228 | H20: 646 | I20: 22628755 | K20: 41 | L20: 4018159.2 | N20: 122 | O20: 6455871.7
D21: 2022 | E21: =SUM(H21,K21,N21,'7.2(1)'!E21,'7.2(1)'!H21,'7.2(1)'!K21) -> 2407 | F21: =SUM(I21,L21,O21,'7.2(1)'!F21,'7.2(1)'!I21,'7.2(1)'!L21) -> 83188640 | H21: 708 | I21: 31099151 | K21: 128 | L21: 4916561.5 | N21: 77 | O21: 7624895
D22: 2023 | E22: =SUM(H22,K22,N22,'7.2(1)'!E22,'7.2(1)'!H22,'7.2(1)'!K22) -> 3737 | F22: =SUM(I22,L22,O22,'7.2(1)'!F22,'7.2(1)'!I22,'7.2(1)'!L22) -> 1.2909493e+08 | H22: 1052 | I22: 32688628 | K22: 349 | L22: 17314164 | N22: 91 | O22: 3506281.9
B24: Kedah | D24: 2021 | E24: =SUM(H24,K24,N24,'7.2(1)'!E24,'7.2(1)'!H24,'7.2(1)'!K24) -> 1642 | F24: =SUM(I24,L24,O24,'7.2(1)'!F24,'7.2(1)'!I24,'7.2(1)'!L24) -> 23850424 | H24: 373 | I24: 6572857.3 | K24: 53 | L24: 401430.31 | N24: 98 | O24: 2361385
D25: 2022 | E25: =SUM(H25,K25,N25,'7.2(1)'!E25,'7.2(1)'!H25,'7.2(1)'!K25) -> 1577 | F25: =SUM(I25,L25,O25,'7.2(1)'!F25,'7.2(1)'!I25,'7.2(1)'!L25) -> 46223539 | H25: 474 | I25: 18784796 | K25: 56 | L25: 6076062.4 | N25: 56 | O25: 2467609
D26: 2023 | E26: =SUM(H26,K26,N26,'7.2(1)'!E26,'7.2(1)'!H26,'7.2(1)'!K26) -> 1919 | F26: =SUM(I26,L26,O26,'7.2(1)'!F26,'7.2(1)'!I26,'7.2(1)'!L26) -> 42208991 | H26: 553 | I26: 13862168 | K26: 105 | L26: 3010117.6 | N26: 81 | O26: 1578447
B28: Kelantan | D28: 2021 | E28: =SUM(H28,K28,N28,'7.2(1)'!E28,'7.2(1)'!H28,'7.2(1)'!K28) -> 792 | F28: =SUM(I28,L28,O28,'7.2(1)'!F28,'7.2(1)'!I28,'7.2(1)'!L28) -> 11270326 | H28: 131 | I28: 3626626.4 | K28: 41 | L28: 853052.27 | N28: 50 | O28: 1263000
D29: 2022 | E29: =SUM(H29,K29,N29,'7.2(1)'!E29,'7.2(1)'!H29,'7.2(1)'!K29) -> 886 | F29: =SUM(I29,L29,O29,'7.2(1)'!F29,'7.2(1)'!I29,'7.2(1)'!L29) -> 18230721 | H29: 267 | I29: 7309277.9 | K29: 48 | L29: 1097218.3 | N29: 29 | O29: 1009104.1
D30: 2023 | E30: =SUM(H30,K30,N30,'7.2(1)'!E30,'7.2(1)'!H30,'7.2(1)'!K30) -> 947 | F30: =SUM(I30,L30,O30,'7.2(1)'!F30,'7.2(1)'!I30,'7.2(1)'!L30) -> 28800208 | H30: 323 | I30: 15031876 | K30: 45 | L30: 925969.85 | N30: 28 | O30: 1062035.4
B32: Melaka | D32: 2021 | E32: =SUM(H32,K32,N32,'7.2(1)'!E32,'7.2(1)'!H32,'7.2(1)'!K32) -> 1098 | F32: =SUM(I32,L32,O32,'7.2(1)'!F32,'7.2(1)'!I32,'7.2(1)'!L32) -> 21946536 | H32: 269 | I32: 7976575.2 | K32: 38 | L32: 1273102 | N32: 77 | O32: 2443531.6
D33: 2022 | E33: =SUM(H33,K33,N33,'7.2(1)'!E33,'7.2(1)'!H33,'7.2(1)'!K33) -> 1316 | F33: =SUM(I33,L33,O33,'7.2(1)'!F33,'7.2(1)'!I33,'7.2(1)'!L33) -> 29329780 | H33: 381 | I33: 13288346 | K33: 52 | L33: 2498003.1 | N33: 54 | O33: 1931420
D34: 2023 | E34: =SUM(H34,K34,N34,'7.2(1)'!E34,'7.2(1)'!H34,'7.2(1)'!K34) -> 1573 | F34: =SUM(I34,L34,O34,'7.2(1)'!F34,'7.2(1)'!I34,'7.2(1)'!L34) -> 40571208 | H34: 367 | I34: 9076636.9 | K34: 77 | L34: 1070434.9 | N34: 46 | O34: 730279.43
B36: Negeri Sembilan | D36: 2021 | E36: =SUM(H36,K36,N36,'7.2(1)'!E36,'7.2(1)'!H36,'7.2(1)'!K36) -> 2448 | F36: =SUM(I36,L36,O36,'7.2(1)'!F36,'7.2(1)'!I36,'7.2(1)'!L36) -> 28146639 | H36: 565 | I36: 8757613.8 | K36: 95 | L36: 1030951.7 | N36: 116 | O36: 1819840.2
D37: 2022 | E37: =SUM(H37,K37,N37,'7.2(1)'!E37,'7.2(1)'!H37,'7.2(1)'!K37) -> 2501 | F37: =SUM(I37,L37,O37,'7.2(1)'!F37,'7.2(1)'!I37,'7.2(1)'!L37) -> 42878203 | H37: 883 | I37: 18334999 | K37: 133 | L37: 5624101.9 | N37: 74 | O37: 1836809.5
D38: 2023 | E38: =SUM(H38,K38,N38,'7.2(1)'!E38,'7.2(1)'!H38,'7.2(1)'!K38) -> 2705 | F38: =SUM(I38,L38,O38,'7.2(1)'!F38,'7.2(1)'!I38,'7.2(1)'!L38) -> 48162590 | H38: 708 | I38: 14104185 | K38: 156 | L38: 1898518.3 | N38: 81 | O38: 2638996
B40: Pahang | D40: 2021 | E40: =SUM(H40,K40,N40,'7.2(1)'!E40,'7.2(1)'!H40,'7.2(1)'!K40) -> 1531 | F40: =SUM(I40,L40,O40,'7.2(1)'!F40,'7.2(1)'!I40,'7.2(1)'!L40) -> 25174208 | H40: 285 | I40: 6677995.9 | K40: 33 | L40: 1965364.3 | N40: 88 | O40: 1755377.3
D41: 2022 | E41: =SUM(H41,K41,N41,'7.2(1)'!E41,'7.2(1)'!H41,'7.2(1)'!K41) -> 1813 | F41: =SUM(I41,L41,O41,'7.2(1)'!F41,'7.2(1)'!I41,'7.2(1)'!L41) -> 35224730 | H41: 494 | I41: 11539995 | K41: 48 | L41: 1127520 | N41: 68 | O41: 5539930
D42: 2023 | E42: =SUM(H42,K42,N42,'7.2(1)'!E42,'7.2(1)'!H42,'7.2(1)'!K42) -> 2141 | F42: =SUM(I42,L42,O42,'7.2(1)'!F42,'7.2(1)'!I42,'7.2(1)'!L42) -> 37528973 | H42: 562 | I42: 14468151 | K42: 87 | L42: 1036714.5 | N42: 67 | O42: 1161595.8
B44: Pulau Pinang | D44: 2021 | E44: =SUM(H44,K44,N44,'7.2(1)'!E44,'7.2(1)'!H44,'7.2(1)'!K44) -> 2792 | F44: =SUM(I44,L44,O44,'7.2(1)'!F44,'7.2(1)'!I44,'7.2(1)'!L44) -> 89563618 | H44: 829 | I44: 19010422 | K44: 66 | L44: 11484089 | N44: 132 | O44: 4748743
D45: 2022 | E45: =SUM(H45,K45,N45,'7.2(1)'!E45,'7.2(1)'!H45,'7.2(1)'!K45) -> 2240 | F45: =SUM(I45,L45,O45,'7.2(1)'!F45,'7.2(1)'!I45,'7.2(1)'!L45) -> 80254645 | H45: 718 | I45: 23679229 | K45: 93 | L45: 19671657 | N45: 52 | O45: 6338727
D46: 2023 | E46: =SUM(H46,K46,N46,'7.2(1)'!E46,'7.2(1)'!H46,'7.2(1)'!K46) -> 3011 | F46: =SUM(I46,L46,O46,'7.2(1)'!F46,'7.2(1)'!I46,'7.2(1)'!L46) -> 99925847 | H46: 949 | I46: 34731162 | K46: 134 | L46: 2466463.9 | N46: 73 | O46: 2914846.1
B48: Perak | D48: 2021 | E48: =SUM(H48,K48,N48,'7.2(1)'!E48,'7.2(1)'!H48,'7.2(1)'!K48) -> 1710 | F48: =SUM(I48,L48,O48,'7.2(1)'!F48,'7.2(1)'!I48,'7.2(1)'!L48) -> 39343264 | H48: 432 | I48: 13194619 | K48: 43 | L48: 1612396.6 | N48: 92 | O48: 2963636.3
D49: 2022 | E49: =SUM(H49,K49,N49,'7.2(1)'!E49,'7.2(1)'!H49,'7.2(1)'!K49) -> 1667 | F49: =SUM(I49,L49,O49,'7.2(1)'!F49,'7.2(1)'!I49,'7.2(1)'!L49) -> 43005988 | H49: 535 | I49: 18606755 | K49: 62 | L49: 2016408.3 | N49: 59 | O49: 2613542.6
D50: 2023 | E50: =SUM(H50,K50,N50,'7.2(1)'!E50,'7.2(1)'!H50,'7.2(1)'!K50) -> 2395 | F50: =SUM(I50,L50,O50,'7.2(1)'!F50,'7.2(1)'!I50,'7.2(1)'!L50) -> 63532684 | H50: 733 | I50: 23405393 | K50: 145 | L50: 3867021.6 | N50: 61 | O50: 3318529.6
B52: Perlis | D52: 2021 | E52: =SUM(H52,K52,N52,'7.2(1)'!E52,'7.2(1)'!H52,'7.2(1)'!K52) -> 356 | F52: =SUM(I52,L52,O52,'7.2(1)'!F52,'7.2(1)'!I52,'7.2(1)'!L52) -> 2995232.6 | H52: 77 | I52: 1262194 | K52: 13 | L52: 43133.91 | N52: 26 | O52: 266150
D53: 2022 | E53: =SUM(H53,K53,N53,'7.2(1)'!E53,'7.2(1)'!H53,'7.2(1)'!K53) -> 399 | F53: =SUM(I53,L53,O53,'7.2(1)'!F53,'7.2(1)'!I53,'7.2(1)'!L53) -> 5203154.6 | H53: 110 | I53: 2453566.4 | K53: 29 | L53: 283856.99 | N53: 12 | O53: 119630
D54: 2023 | E54: =SUM(H54,K54,N54,'7.2(1)'!E54,'7.2(1)'!H54,'7.2(1)'!K54) -> 404 | F54: =SUM(I54,L54,O54,'7.2(1)'!F54,'7.2(1)'!I54,'7.2(1)'!L54) -> 5552169.8 | H54: 139 | I54: 1852617.6 | K54: 17 | L54: 191044.26 | N54: 9 | O54: 78050
B56: Selangor | D56: 2021 | E56: =SUM(H56,K56,N56,'7.2(1)'!E56,'7.2(1)'!H56,'7.2(1)'!K56) -> 3439 | F56: =SUM(I56,L56,O56,'7.2(1)'!F56,'7.2(1)'!I56,'7.2(1)'!L56) -> 1.536492e+08 | H56: 820 | I56: 47464687 | K56: 85 | L56: 10925873 | N56: 208 | O56: 14789475
D57: 2022 | E57: =SUM(H57,K57,N57,'7.2(1)'!E57,'7.2(1)'!H57,'7.2(1)'!K57) -> 2850 | F57: =SUM(I57,L57,O57,'7.2(1)'!F57,'7.2(1)'!I57,'7.2(1)'!L57) -> 2.1513962e+08 | H57: 799 | I57: 75895678 | K57: 127 | L57: 13030962 | N57: 97 | O57: 13161139
D58: 2023 | E58: =SUM(H58,K58,N58,'7.2(1)'!E58,'7.2(1)'!H58,'7.2(1)'!K58) -> 6240 | F58: =SUM(I58,L58,O58,'7.2(1)'!F58,'7.2(1)'!I58,'7.2(1)'!L58) -> 3.3107973e+08 | H58: 1993 | I58: 81747184 | K58: 358 | L58: 16392860 | N58: 138 | O58: 10674424
B60: Terengganu | D60: 2021 | E60: =SUM(H60,K60,N60,'7.2(1)'!E60,'7.2(1)'!H60,'7.2(1)'!K60) -> 1102 | F60: =SUM(I60,L60,O60,'7.2(1)'!F60,'7.2(1)'!I60,'7.2(1)'!L60) -> 10608404 | H60: 188 | I60: 2562454.8 | K60: 70 | L60: 733718.14 | N60: 81 | O60: 911600.65
D61: 2022 | E61: =SUM(H61,K61,N61,'7.2(1)'!E61,'7.2(1)'!H61,'7.2(1)'!K61) -> 1198 | F61: =SUM(I61,L61,O61,'7.2(1)'!F61,'7.2(1)'!I61,'7.2(1)'!L61) -> 20983210 | H61: 345 | I61: 9220794.8 | K61: 89 | L61: 1638309.4 | N61: 36 | O61: 1003947
D62: 2023 | E62: =SUM(H62,K62,N62,'7.2(1)'!E62,'7.2(1)'!H62,'7.2(1)'!K62) -> 1139 | F62: =SUM(I62,L62,O62,'7.2(1)'!F62,'7.2(1)'!I62,'7.2(1)'!L62) -> 24033103 | H62: 357 | I62: 9431414.4 | K62: 92 | L62: 1394507.7 | N62: 41 | O62: 1007962.4
B64: Sabah | D64: 2021 | E64: =SUM(H64,K64,N64,'7.2(1)'!E64,'7.2(1)'!H64,'7.2(1)'!K64) -> 1139 | F64: =SUM(I64,L64,O64,'7.2(1)'!F64,'7.2(1)'!I64,'7.2(1)'!L64) -> 24586379 | H64: 281 | I64: 7267482.8 | K64: 45 | L64: 716963 | N64: 50 | O64: 1755275.7
D65: 2022 | E65: =SUM(H65,K65,N65,'7.2(1)'!E65,'7.2(1)'!H65,'7.2(1)'!K65) -> 1207 | F65: =SUM(I65,L65,O65,'7.2(1)'!F65,'7.2(1)'!I65,'7.2(1)'!L65) -> 41659593 | H65: 421 | I65: 22035972 | K65: 48 | L65: 869807.19 | N65: 18 | O65: 1536127.9
D66: 2023 | E66: =SUM(H66,K66,N66,'7.2(1)'!E66,'7.2(1)'!H66,'7.2(1)'!K66) -> 1819 | F66: =SUM(I66,L66,O66,'7.2(1)'!F66,'7.2(1)'!I66,'7.2(1)'!L66) -> 46987387 | H66: 555 | I66: 12795123 | K66: 100 | L66: 2053325.8 | N66: 36 | O66: 4217696.1
B68: Sarawak | D68: 2021 | E68: =SUM(H68,K68,N68,'7.2(1)'!E68,'7.2(1)'!H68,'7.2(1)'!K68) -> 2152 | F68: =SUM(I68,L68,O68,'7.2(1)'!F68,'7.2(1)'!I68,'7.2(1)'!L68) -> 39440091 | H68: 499 | I68: 13125837 | K68: 191 | L68: 5260925.9 | N68: 104 | O68: 4513224.1
D69: 2022 | E69: =SUM(H69,K69,N69,'7.2(1)'!E69,'7.2(1)'!H69,'7.2(1)'!K69) -> 1865 | F69: =SUM(I69,L69,O69,'7.2(1)'!F69,'7.2(1)'!I69,'7.2(1)'!L69) -> 41104548 | H69: 503 | I69: 18360058 | K69: 192 | L69: 2796302.3 | N69: 49 | O69: 2349682.4
D70: 2023 | E70: =SUM(H70,K70,N70,'7.2(1)'!E70,'7.2(1)'!H70,'7.2(1)'!K70) -> 2318 | F70: =SUM(I70,L70,O70,'7.2(1)'!F70,'7.2(1)'!I70,'7.2(1)'!L70) -> 75811966 | H70: 586 | I70: 21915962 | K70: 204 | L70: 11546497 | N70: 58 | O70: 3639120
B72: W.P. Kuala Lumpur | D72: 2021 | E72: =SUM(H72,K72,N72,'7.2(1)'!E72,'7.2(1)'!H72,'7.2(1)'!K72) -> 3504 | F72: =SUM(I72,L72,O72,'7.2(1)'!F72,'7.2(1)'!I72,'7.2(1)'!L72) -> 1.6317899e+08 | H72: 1028 | I72: 39422183 | K72: 82 | L72: 33135809 | N72: 216 | O72: 10696120
D73: 2022 | E73: =SUM(H73,K73,N73,'7.2(1)'!E73,'7.2(1)'!H73,'7.2(1)'!K73) -> 3553 | F73: =SUM(I73,L73,O73,'7.2(1)'!F73,'7.2(1)'!I73,'7.2(1)'!L73) -> 1.4869527e+08 | H73: 1094 | I73: 50752902 | K73: 152 | L73: 14570190 | N73: 111 | O73: 8741230
D74: 2023 | E74: =SUM(H74,K74,N74,'7.2(1)'!E74,'7.2(1)'!H74,'7.2(1)'!K74) -> 4184 | F74: =SUM(I74,L74,O74,'7.2(1)'!F74,'7.2(1)'!I74,'7.2(1)'!L74) -> 2.4701216e+08 | H74: 1491 | I74: 68480602 | K74: 223 | L74: 41734607 | N74: 125 | O74: 7424335.2
P77: Sumber: Polis Diraja Malaysia
P78: Source: Royal Malaysia Police

Sheet 7.2(1)
M2: JENAYAH KOMERSIAL
M3: COMMERCIAL CRIMES
B5: Jadual 7.2 | C5: : Statistik kes dan kerugian jenayah dalam talian, mengikut negeri, Malaysia, 2021–2023 (samb.)
B6: Table 7.2 | C6: : Statistics of cases and losses for online crime by state , Malaysia, 2021–2023 (cont'd)
B10: Negeri | D10: Tahun | E10: E-dagang | H10: Pinjaman tidak wujud | K10: Pelaburan tidak wujud
B11: State | D11: Year | E11: e-Commerce | H11: Non-existent loans | K11: Non-existent investments
E12: Kes | F12: RM | H12: Kes | I12: RM | K12: Kes | L12: RM
E13: Case | H13: Case | K13: Case
B16: MALAYSIA | D16: 2021 | E16: =SUM(E20,E24,E28,E32,E36,E40,E44,E48,E52,E56,E60,E64,E68,E72) -> 9499 | F16: =SUM(F20,F24,F28,F32,F36,F40,F44,F48,F52,F56,F60,F64,F68,F72) -> 73027318 | H16: =SUM(H20,H24,H28,H32,H36,H40,H44,H48,H52,H56,H60,H64,H68,H72) -> 4784 | I16: =SUM(I20,I24,I28,I32,I36,I40,I44,I48,I52,I56,I60,I64,I68,I72) -> 50604324 | K16: =SUM(K20,K24,K28,K32,K36,K40,K44,K48,K52,K56,K60,K64,K68,K72) -> 3195 | L16: =SUM(L20,L24,L28,L32,L36,L40,L44,L48,L52,L56,L60,L64,L68,L72) -> 2.4505539e+08
D17: 2022 | E17: =SUM(E21,E25,E29,E33,E37,E41,E45,E49,E53,E57,E61,E65,E69,E73) -> 9258 | F17: =SUM(F21,F25,F29,F33,F37,F41,F45,F49,F53,F57,F61,F65,F69,F73) -> 1.3998581e+08 | H17: =SUM(H21,H25,H29,H33,H37,H41,H45,H49,H53,H57,H61,H65,H69,H73) -> 3174 | I17: =SUM(I21,I25,I29,I33,I37,I41,I45,I49,I53,I57,I61,I65,I69,I73) -> 37447096 | K17: =SUM(K21,K25,K29,K33,K37,K41,K45,K49,K53,K57,K61,K65,K69,K73) -> 3266 | L17: =SUM(L21,L25,L29,L33,L37,L41,L45,L49,L53,L57,L61,L65,L69,L73) -> 2.1983646e+08
D18: 2023 | E18: =SUM(E22,E26,E30,E34,E38,E42,E46,E50,E54,E58,E62,E66,E70,E74) -> 11481 | F18: =SUM(F22,F26,F30,F34,F38,F42,F46,F50,F54,F58,F62,F66,F70,F74) -> 2.0426411e+08 | H18: =SUM(H22,H26,H30,H34,H38,H42,H46,H50,H54,H58,H62,H66,H70,H74) -> 4263 | I18: =SUM(I22,I26,I30,I34,I38,I42,I46,I50,I54,I58,I62,I66,I70,I74) -> 40762816 | K18: =SUM(K22,K26,K30,K34,K38,K42,K46,K50,K54,K58,K62,K66,K70,K74) -> 5393 | L18: =SUM(L22,L26,L30,L34,L38,L42,L46,L50,L54,L58,L62,L66,L70,L74) -> 4.7282907e+08
B20: Johor | D20: 2021 | E20: 844 | F20: 8977727.1 | H20: 516 | I20: 6285023.7 | K20: 383 | L20: 16316691
D21: 2022 | E21: 889 | F21: 16552901 | H21: 299 | I21: 3518799.6 | K21: 306 | L21: 19476331
D22: 2023 | E22: 1117 | F22: 20707759 | H22: 511 | I22: 5308987.2 | K22: 617 | L22: 49569113
B24: Kedah | D24: 2021 | E24: 599 | F24: 3717342.3 | H24: 299 | I24: 2855183.8 | K24: 220 | L24: 7942224.8
D25: 2022 | E25: 545 | F25: 7765761.6 | H25: 216 | I25: 2565361.4 | K25: 230 | L25: 8563948.2
D26: 2023 | E26: 573 | F26: 6914626.2 | H26: 281 | I26: 2719240.2 | K26: 326 | L26: 14124391
B28: Kelantan | D28: 2021 | E28: 350 | F28: 1978331.5 | H28: 130 | I28: 1376485.3 | K28: 90 | L28: 2172830.1
D29: 2022 | E29: 298 | F29: 3732594.2 | H29: 109 | I29: 879092.54 | K29: 135 | L29: 4203434.4
D30: 2023 | E30: 308 | F30: 3184169.5 | H30: 95 | I30: 1100363 | K30: 148 | L30: 7495794.1
B32: Melaka | D32: 2021 | E32: 340 | F32: 2882936.3 | H32: 211 | I32: 2113148.3 | K32: 163 | L32: 5257242.2
D33: 2022 | E33: 469 | F33: 4967247.2 | H33: 180 | I33: 1537540.6 | K33: 180 | L33: 5107222.7
D34: 2023 | E34: 528 | F34: 5963514.6 | H34: 259 | I34: 1885451.3 | K34: 296 | L34: 21844891
B36: Negeri Sembilan | D36: 2021 | E36: 1002 | F36: 4302590.6 | H36: 439 | I36: 3737114.3 | K36: 231 | L36: 8498528
D37: 2022 | E37: 751 | F37: 5849898 | H37: 336 | I37: 2518375.8 | K37: 324 | L37: 8714018.9
D38: 2023 | E38: 971 | F38: 9788820 | H38: 389 | I38: 2595406.8 | K38: 400 | L38: 17136665
B40: Pahang | D40: 2021 | E40: 633 | F40: 4436502.3 | H40: 331 | I40: 3043532.8 | K40: 161 | L40: 7295434.9
D41: 2022 | E41: 707 | F41: 7621167.9 | H41: 253 | I41: 3127424.9 | K41: 243 | L41: 6268691.8
D42: 2023 | E42: 742 | F42: 8068364 | H42: 322 | I42: 2267573.3 | K42: 361 | L42: 10526575
B44: Pulau Pinang | D44: 2021 | E44: 958 | F44: 7484766.6 | H44: 405 | I44: 4640735.7 | K44: 402 | L44: 42194862
D45: 2022 | E45: 839 | F45: 14731560 | H45: 261 | I45: 2748468.7 | K45: 277 | L45: 13085003
D46: 2023 | E46: 1017 | F46: 16707838 | H46: 376 | I46: 3753189.3 | K46: 462 | L46: 39352348
B48: Perak | D48: 2021 | E48: 657 | F48: 4928469.3 | H48: 287 | I48: 3223203 | K48: 199 | L48: 13420940
D49: 2022 | E49: 612 | F49: 8236097.7 | H49: 200 | I49: 2214339.7 | K49: 199 | L49: 9318845.4
D50: 2023 | E50: 750 | F50: 9452105.1 | H50: 320 | I50: 3018670 | K50: 386 | L50: 20470965
B52: Perlis | D52: 2021 | E52: 151 | F52: 417945.41 | H52: 49 | I52: 401416.81 | K52: 40 | L52: 604392.45
D53: 2022 | E53: 147 | F53: 1392777 | H53: 53 | I53: 324186.17 | K53: 48 | L53: 629138.03
D54: 2023 | E54: 115 | F54: 850620.8 | H54: 62 | I54: 530395.24 | K54: 62 | L54: 2049441.9
B56: Selangor | D56: 2021 | E56: 1202 | F56: 12409165 | H56: 649 | I56: 8251377.6 | K56: 475 | L56: 59808622
D57: 2022 | E57: 1115 | F57: 25054326 | H57: 304 | I57: 6660116.3 | K57: 408 | L57: 81337395
D58: 2023 | E58: 2156 | F58: 65077024 | H58: 577 | I58: 7667114.1 | K58: 1018 | L58: 1.4952112e+08
B60: Terengganu | D60: 2021 | E60: 472 | F60: 2164802.2 | H60: 185 | I60: 1315681.9 | K60: 106 | L60: 2920146.3
D61: 2022 | E61: 396 | F61: 4336149.9 | H61: 154 | I61: 1290693.9 | K61: 178 | L61: 3493315.3
D62: 2023 | E62: 367 | F62: 4137239.1 | H62: 99 | I62: 800739.6 | K62: 183 | L62: 7261239.4
B64: Sabah | D64: 2021 | E64: 437 | F64: 3814883.6 | H64: 220 | I64: 3213542.1 | K64: 106 | L64: 7818231.7
D65: 2022 | E65: 417 | F65: 6783454.3 | H65: 136 | I65: 2373913.7 | K65: 167 | L65: 8060317.9
D66: 2023 | E66: 683 | F66: 7592289.6 | H66: 199 | I66: 1819475.9 | K66: 246 | L66: 18509476
B68: Sarawak | D68: 2021 | E68: 786 | F68: 4629948.9 | H68: 436 | I68: 3889564.6 | K68: 136 | L68: 8020589.9
D69: 2022 | E69: 745 | F69: 8245941.2 | H69: 232 | I69: 2588853.3 | K69: 144 | L69: 6763711
D70: 2023 | E70: 908 | F70: 12541095 | H70: 309 | I70: 2509324 | K70: 253 | L70: 23659968
B72: W.P. Kuala Lumpur | D72: 2021 | E72: 1068 | F72: 10881907 | H72: 627 | I72: 6258313.7 | K72: 483 | L72: 62784654
D73: 2022 | E73: 1328 | F73: 24715932 | H73: 441 | I73: 5099929.5 | K73: 427 | L73: 44815088
D74: 2023 | E74: 1246 | F74: 33278649 | H74: 464 | I74: 4786885.9 | K74: 635 | L74: 91307086
M77: Sumber: Polis Diraja Malaysia
M78: Source: Royal Malaysia Police

Sheet 7.3 
K2: JENAYAH KOMERSIAL
K3: COMMERCIAL CRIMES
B5: Jadual 7.3 | C5: : Statistik mangsa jenayah dalam talian mengikut negeri dan kumpulan umur, Malaysia, 2021–2023
B6: Table 7.3 | C6: : Statistics of victims for online crime by state and age group, Malaysia, 2021–2023
B10: Negeri | D10: Tahun | E10: Jumlah
B11: State | D11: Year | E11: Total
E13: 15-20 | F13: 21-30 | G13: 31-40 | H13: 41-50 | I13: 51-60 | J13: ≥61
B16: MALAYSIA | D16: 2021 | E16: =SUM('7.3 (samb1)'!E16,'7.3 (samb1)'!L16,'7.3 (samb2)'!E16,'7.3 (samb2)'!L16,'7.3 (samb3)'!E16,'7.3 (samb3)'!L16) -> 2108 | F16: =SUM('7.3 (samb1)'!F16,'7.3 (samb1)'!M16,'7.3 (samb2)'!F16,'7.3 (samb2)'!M16,'7.3 (samb3)'!F16,'7.3 (samb3)'!M16) -> 9132 | G16: =SUM('7.3 (samb1)'!G16,'7.3 (samb1)'!N16,'7.3 (samb2)'!G16,'7.3 (samb2)'!N16,'7.3 (samb3)'!G16,'7.3 (samb3)'!N16) -> 6582 | H16: =SUM('7.3 (samb1)'!H16,'7.3 (samb1)'!O16,'7.3 (samb2)'!H16,'7.3 (samb2)'!O16,'7.3 (samb3)'!H16,'7.3 (samb3)'!O16) -> 4440 | I16: =SUM('7.3 (samb1)'!I16,'7.3 (samb1)'!P16,'7.3 (samb2)'!I16,'7.3 (samb2)'!P16,'7.3 (samb3)'!I16,'7.3 (samb3)'!P16) -> 2596 | J16: =SUM('7.3 (samb1)'!J16,'7.3 (samb1)'!Q16,'7.3 (samb2)'!J16,'7.3 (samb2)'!Q16,'7.3 (samb3)'!J16,'7.3 (samb3)'!Q16) -> 1399
D17: 2022 | E17: =SUM('7.3 (samb1)'!E17,'7.3 (samb1)'!L17,'7.3 (samb2)'!E17,'7.3 (samb2)'!L17,'7.3 (samb3)'!E17,'7.3 (samb3)'!L17) -> 1620 | F17: =SUM('7.3 (samb1)'!F17,'7.3 (samb1)'!M17,'7.3 (samb2)'!F17,'7.3 (samb2)'!M17,'7.3 (samb3)'!F17,'7.3 (samb3)'!M17) -> 8428 | G17: =SUM('7.3 (samb1)'!G17,'7.3 (samb1)'!N17,'7.3 (samb2)'!G17,'7.3 (samb2)'!N17,'7.3 (samb3)'!G17,'7.3 (samb3)'!N17) -> 6871 | H17: =SUM('7.3 (samb1)'!H17,'7.3 (samb1)'!O17,'7.3 (samb2)'!H17,'7.3 (samb2)'!O17,'7.3 (samb3)'!H17,'7.3 (samb3)'!O17) -> 4513 | I17: =SUM('7.3 (samb1)'!I17,'7.3 (samb1)'!P17,'7.3 (samb2)'!I17,'7.3 (samb2)'!P17,'7.3 (samb3)'!I17,'7.3 (samb3)'!P17) -> 2598 | J17: =SUM('7.3 (samb1)'!J17,'7.3 (samb1)'!Q17,'7.3 (samb2)'!J17,'7.3 (samb2)'!Q17,'7.3 (samb3)'!J17,'7.3 (samb3)'!Q17) -> 1449
D18: 2023 | E18: =SUM('7.3 (samb1)'!E18,'7.3 (samb1)'!L18,'7.3 (samb2)'!E18,'7.3 (samb2)'!L18,'7.3 (samb3)'!E18,'7.3 (samb3)'!L18) -> 2066 | F18: =SUM('7.3 (samb1)'!F18,'7.3 (samb1)'!M18,'7.3 (samb2)'!F18,'7.3 (samb2)'!M18,'7.3 (samb3)'!F18,'7.3 (samb3)'!M18) -> 10538 | G18: =SUM('7.3 (samb1)'!G18,'7.3 (samb1)'!N18,'7.3 (samb2)'!G18,'7.3 (samb2)'!N18,'7.3 (samb3)'!G18,'7.3 (samb3)'!N18) -> 8928 | H18: =SUM('7.3 (samb1)'!H18,'7.3 (samb1)'!O18,'7.3 (samb2)'!H18,'7.3 (samb2)'!O18,'7.3 (samb3)'!H18,'7.3 (samb3)'!O18) -> 6274 | I18: =SUM('7.3 (samb1)'!I18,'7.3 (samb1)'!P18,'7.3 (samb2)'!I18,'7.3 (samb2)'!P18,'7.3 (samb3)'!I18,'7.3 (samb3)'!P18) -> 4094 | J18: =SUM('7.3 (samb1)'!J18,'7.3 (samb1)'!Q18,'7.3 (samb2)'!J18,'7.3 (samb2)'!Q18,'7.3 (samb3)'!J18,'7.3 (samb3)'!Q18) -> 2595
B20: Johor | D20: 2021 | E20: =SUM('7.3 (samb1)'!E20,'7.3 (samb1)'!L20,'7.3 (samb2)'!E20,'7.3 (samb2)'!L20,'7.3 (samb3)'!E20,'7.3 (samb3)'!L20) -> 194 | F20: =SUM('7.3 (samb1)'!F20,'7.3 (samb1)'!M20,'7.3 (samb2)'!F20,'7.3 (samb2)'!M20,'7.3 (samb3)'!F20,'7.3 (samb3)'!M20) -> 836 | G20: =SUM('7.3 (samb1)'!G20,'7.3 (samb1)'!N20,'7.3 (samb2)'!G20,'7.3 (samb2)'!N20,'7.3 (samb3)'!G20,'7.3 (samb3)'!N20) -> 635 | H20: =SUM('7.3 (samb1)'!H20,'7.3 (samb1)'!O20,'7.3 (samb2)'!H20,'7.3 (samb2)'!O20,'7.3 (samb3)'!H20,'7.3 (samb3)'!O20) -> 475 | I20: =SUM('7.3 (samb1)'!I20,'7.3 (samb1)'!P20,'7.3 (samb2)'!I20,'7.3 (samb2)'!P20,'7.3 (samb3)'!I20,'7.3 (samb3)'!P20) -> 258 | J20: =SUM('7.3 (samb1)'!J20,'7.3 (samb1)'!Q20,'7.3 (samb2)'!J20,'7.3 (samb2)'!Q20,'7.3 (samb3)'!J20,'7.3 (samb3)'!Q20) -> 153
D21: 2022 | E21: =SUM('7.3 (samb1)'!E21,'7.3 (samb1)'!L21,'7.3 (samb2)'!E21,'7.3 (samb2)'!L21,'7.3 (samb3)'!E21,'7.3 (samb3)'!L21) -> 145 | F21: =SUM('7.3 (samb1)'!F21,'7.3 (samb1)'!M21,'7.3 (samb2)'!F21,'7.3 (samb2)'!M21,'7.3 (samb3)'!F21,'7.3 (samb3)'!M21) -> 753 | G21: =SUM('7.3 (samb1)'!G21,'7.3 (samb1)'!N21,'7.3 (samb2)'!G21,'7.3 (samb2)'!N21,'7.3 (samb3)'!G21,'7.3 (samb3)'!N21) -> 612 | H21: =SUM('7.3 (samb1)'!H21,'7.3 (samb1)'!O21,'7.3 (samb2)'!H21,'7.3 (samb2)'!O21,'7.3 (samb3)'!H21,'7.3 (samb3)'!O21) -> 488 | I21: =SUM('7.3 (samb1)'!I21,'7.3 (samb1)'!P21,'7.3 (samb2)'!I21,'7.3 (samb2)'!P21,'7.3 (samb3)'!I21,'7.3 (samb3)'!P21) -> 264 | J21: =SUM('7.3 (samb1)'!J21,'7.3 (samb1)'!Q21,'7.3 (samb2)'!J21,'7.3 (samb2)'!Q21,'7.3 (samb3)'!J21,'7.3 (samb3)'!Q21) -> 145
D22: 2023 | E22: =SUM('7.3 (samb1)'!E22,'7.3 (samb1)'!L22,'7.3 (samb2)'!E22,'7.3 (samb2)'!L22,'7.3 (samb3)'!E22,'7.3 (samb3)'!L22) -> 204 | F22: =SUM('7.3 (samb1)'!F22,'7.3 (samb1)'!M22,'7.3 (samb2)'!F22,'7.3 (samb2)'!M22,'7.3 (samb3)'!F22,'7.3 (samb3)'!M22) -> 1147 | G22: =SUM('7.3 (samb1)'!G22,'7.3 (samb1)'!N22,'7.3 (samb2)'!G22,'7.3 (samb2)'!N22,'7.3 (samb3)'!G22,'7.3 (samb3)'!N22) -> 946 | H22: =SUM('7.3 (samb1)'!H22,'7.3 (samb1)'!O22,'7.3 (samb2)'!H22,'7.3 (samb2)'!O22,'7.3 (samb3)'!H22,'7.3 (samb3)'!O22) -> 696 | I22: =SUM('7.3 (samb1)'!I22,'7.3 (samb1)'!P22,'7.3 (samb2)'!I22,'7.3 (samb2)'!P22,'7.3 (samb3)'!I22,'7.3 (samb3)'!P22) -> 481 | J22: =SUM('7.3 (samb1)'!J22,'7.3 (samb1)'!Q22,'7.3 (samb2)'!J22,'7.3 (samb2)'!Q22,'7.3 (samb3)'!J22,'7.3 (samb3)'!Q22) -> 261
S23: s
B24: Kedah | D24: 2021 | E24: =SUM('7.3 (samb1)'!E24,'7.3 (samb1)'!L24,'7.3 (samb2)'!E24,'7.3 (samb2)'!L24,'7.3 (samb3)'!E24,'7.3 (samb3)'!L24) -> 150 | F24: =SUM('7.3 (samb1)'!F24,'7.3 (samb1)'!M24,'7.3 (samb2)'!F24,'7.3 (samb2)'!M24,'7.3 (samb3)'!F24,'7.3 (samb3)'!M24) -> 589 | G24: =SUM('7.3 (samb1)'!G24,'7.3 (samb1)'!N24,'7.3 (samb2)'!G24,'7.3 (samb2)'!N24,'7.3 (samb3)'!G24,'7.3 (samb3)'!N24) -> 399 | H24: =SUM('7.3 (samb1)'!H24,'7.3 (samb1)'!O24,'7.3 (samb2)'!H24,'7.3 (samb2)'!O24,'7.3 (samb3)'!H24,'7.3 (samb3)'!O24) -> 263 | I24: =SUM('7.3 (samb1)'!I24,'7.3 (samb1)'!P24,'7.3 (samb2)'!I24,'7.3 (samb2)'!P24,'7.3 (samb3)'!I24,'7.3 (samb3)'!P24) -> 168 | J24: =SUM('7.3 (samb1)'!J24,'7.3 (samb1)'!Q24,'7.3 (samb2)'!J24,'7.3 (samb2)'!Q24,'7.3 (samb3)'!J24,'7.3 (samb3)'!Q24) -> 73
D25: 2022 | E25: =SUM('7.3 (samb1)'!E25,'7.3 (samb1)'!L25,'7.3 (samb2)'!E25,'7.3 (samb2)'!L25,'7.3 (samb3)'!E25,'7.3 (samb3)'!L25) -> 125 | F25: =SUM('7.3 (samb1)'!F25,'7.3 (samb1)'!M25,'7.3 (samb2)'!F25,'7.3 (samb2)'!M25,'7.3 (samb3)'!F25,'7.3 (samb3)'!M25) -> 533 | G25: =SUM('7.3 (samb1)'!G25,'7.3 (samb1)'!N25,'7.3 (samb2)'!G25,'7.3 (samb2)'!N25,'7.3 (samb3)'!G25,'7.3 (samb3)'!N25) -> 387 | H25: =SUM('7.3 (samb1)'!H25,'7.3 (samb1)'!O25,'7.3 (samb2)'!H25,'7.3 (samb2)'!O25,'7.3 (samb3)'!H25,'7.3 (samb3)'!O25) -> 275 | I25: =SUM('7.3 (samb1)'!I25,'7.3 (samb1)'!P25,'7.3 (samb2)'!I25,'7.3 (samb2)'!P25,'7.3 (samb3)'!I25,'7.3 (samb3)'!P25) -> 163 | J25: =SUM('7.3 (samb1)'!J25,'7.3 (samb1)'!Q25,'7.3 (samb2)'!J25,'7.3 (samb2)'!Q25,'7.3 (samb3)'!J25,'7.3 (samb3)'!Q25) -> 94
D26: 2023 | E26: =SUM('7.3 (samb1)'!E26,'7.3 (samb1)'!L26,'7.3 (samb2)'!E26,'7.3 (samb2)'!L26,'7.3 (samb3)'!E26,'7.3 (samb3)'!L26) -> 125 | F26: =SUM('7.3 (samb1)'!F26,'7.3 (samb1)'!M26,'7.3 (samb2)'!F26,'7.3 (samb2)'!M26,'7.3 (samb3)'!F26,'7.3 (samb3)'!M26) -> 589 | G26: =SUM('7.3 (samb1)'!G26,'7.3 (samb1)'!N26,'7.3 (samb2)'!G26,'7.3 (samb2)'!N26,'7.3 (samb3)'!G26,'7.3 (samb3)'!N26) -> 482 | H26: =SUM('7.3 (samb1)'!H26,'7.3 (samb1)'!O26,'7.3 (samb2)'!H26,'7.3 (samb2)'!O26,'7.3 (samb3)'!H26,'7.3 (samb3)'!O26) -> 358 | I26: =SUM('7.3 (samb1)'!I26,'7.3 (samb1)'!P26,'7.3 (samb2)'!I26,'7.3 (samb2)'!P26,'7.3 (samb3)'!I26,'7.3 (samb3)'!P26) -> 232 | J26: =SUM('7.3 (samb1)'!J26,'7.3 (samb1)'!Q26,'7.3 (samb2)'!J26,'7.3 (samb2)'!Q26,'7.3 (samb3)'!J26,'7.3 (samb3)'!Q26) -> 133
B28: Kelantan | D28: 2021 | E28: =SUM('7.3 (samb1)'!E28,'7.3 (samb1)'!L28,'7.3 (samb2)'!E28,'7.3 (samb2)'!L28,'7.3 (samb3)'!E28,'7.3 (samb3)'!L28) -> 99 | F28: =SUM('7.3 (samb1)'!F28,'7.3 (samb1)'!M28,'7.3 (samb2)'!F28,'7.3 (samb2)'!M28,'7.3 (samb3)'!F28,'7.3 (samb3)'!M28) -> 273 | G28: =SUM('7.3 (samb1)'!G28,'7.3 (samb1)'!N28,'7.3 (samb2)'!G28,'7.3 (samb2)'!N28,'7.3 (samb3)'!G28,'7.3 (samb3)'!N28) -> 189 | H28: =SUM('7.3 (samb1)'!H28,'7.3 (samb1)'!O28,'7.3 (samb2)'!H28,'7.3 (samb2)'!O28,'7.3 (samb3)'!H28,'7.3 (samb3)'!O28) -> 131 | I28: =SUM('7.3 (samb1)'!I28,'7.3 (samb1)'!P28,'7.3 (samb2)'!I28,'7.3 (samb2)'!P28,'7.3 (samb3)'!I28,'7.3 (samb3)'!P28) -> 76 | J28: =SUM('7.3 (samb1)'!J28,'7.3 (samb1)'!Q28,'7.3 (samb2)'!J28,'7.3 (samb2)'!Q28,'7.3 (samb3)'!J28,'7.3 (samb3)'!Q28) -> 24
D29: 2022 | E29: =SUM('7.3 (samb1)'!E29,'7.3 (samb1)'!L29,'7.3 (samb2)'!E29,'7.3 (samb2)'!L29,'7.3 (samb3)'!E29,'7.3 (samb3)'!L29) -> 70 | F29: =SUM('7.3 (samb1)'!F29,'7.3 (samb1)'!M29,'7.3 (samb2)'!F29,'7.3 (samb2)'!M29,'7.3 (samb3)'!F29,'7.3 (samb3)'!M29) -> 300 | G29: =SUM('7.3 (samb1)'!G29,'7.3 (samb1)'!N29,'7.3 (samb2)'!G29,'7.3 (samb2)'!N29,'7.3 (samb3)'!G29,'7.3 (samb3)'!N29) -> 224 | H29: =SUM('7.3 (samb1)'!H29,'7.3 (samb1)'!O29,'7.3 (samb2)'!H29,'7.3 (samb2)'!O29,'7.3 (samb3)'!H29,'7.3 (samb3)'!O29) -> 153 | I29: =SUM('7.3 (samb1)'!I29,'7.3 (samb1)'!P29,'7.3 (samb2)'!I29,'7.3 (samb2)'!P29,'7.3 (samb3)'!I29,'7.3 (samb3)'!P29) -> 93 | J29: =SUM('7.3 (samb1)'!J29,'7.3 (samb1)'!Q29,'7.3 (samb2)'!J29,'7.3 (samb2)'!Q29,'7.3 (samb3)'!J29,'7.3 (samb3)'!Q29) -> 46
D30: 2023 | E30: =SUM('7.3 (samb1)'!E30,'7.3 (samb1)'!L30,'7.3 (samb2)'!E30,'7.3 (samb2)'!L30,'7.3 (samb3)'!E30,'7.3 (samb3)'!L30) -> 50 | F30: =SUM('7.3 (samb1)'!F30,'7.3 (samb1)'!M30,'7.3 (samb2)'!F30,'7.3 (samb2)'!M30,'7.3 (samb3)'!F30,'7.3 (samb3)'!M30) -> 271 | G30: =SUM('7.3 (samb1)'!G30,'7.3 (samb1)'!N30,'7.3 (samb2)'!G30,'7.3 (samb2)'!N30,'7.3 (samb3)'!G30,'7.3 (samb3)'!N30) -> 243 | H30: =SUM('7.3 (samb1)'!H30,'7.3 (samb1)'!O30,'7.3 (samb2)'!H30,'7.3 (samb2)'!O30,'7.3 (samb3)'!H30,'7.3 (samb3)'!O30) -> 167 | I30: =SUM('7.3 (samb1)'!I30,'7.3 (samb1)'!P30,'7.3 (samb2)'!I30,'7.3 (samb2)'!P30,'7.3 (samb3)'!I30,'7.3 (samb3)'!P30) -> 121 | J30: =SUM('7.3 (samb1)'!J30,'7.3 (samb1)'!Q30,'7.3 (samb2)'!J30,'7.3 (samb2)'!Q30,'7.3 (samb3)'!J30,'7.3 (samb3)'!Q30) -> 95
B32: Melaka | D32: 2021 | E32: =SUM('7.3 (samb1)'!E32,'7.3 (samb1)'!L32,'7.3 (samb2)'!E32,'7.3 (samb2)'!L32,'7.3 (samb3)'!E32,'7.3 (samb3)'!L32) -> 90 | F32: =SUM('7.3 (samb1)'!F32,'7.3 (samb1)'!M32,'7.3 (samb2)'!F32,'7.3 (samb2)'!M32,'7.3 (samb3)'!F32,'7.3 (samb3)'!M32) -> 360 | G32: =SUM('7.3 (samb1)'!G32,'7.3 (samb1)'!N32,'7.3 (samb2)'!G32,'7.3 (samb2)'!N32,'7.3 (samb3)'!G32,'7.3 (samb3)'!N32) -> 273 | H32: =SUM('7.3 (samb1)'!H32,'7.3 (samb1)'!O32,'7.3 (samb2)'!H32,'7.3 (samb2)'!O32,'7.3 (samb3)'!H32,'7.3 (samb3)'!O32) -> 193 | I32: =SUM('7.3 (samb1)'!I32,'7.3 (samb1)'!P32,'7.3 (samb2)'!I32,'7.3 (samb2)'!P32,'7.3 (samb3)'!I32,'7.3 (samb3)'!P32) -> 108 | J32: =SUM('7.3 (samb1)'!J32,'7.3 (samb1)'!Q32,'7.3 (samb2)'!J32,'7.3 (samb2)'!Q32,'7.3 (samb3)'!J32,'7.3 (samb3)'!Q32) -> 75
D33: 2022 | E33: =SUM('7.3 (samb1)'!E33,'7.3 (samb1)'!L33,'7.3 (samb2)'!E33,'7.3 (samb2)'!L33,'7.3 (samb3)'!E33,'7.3 (samb3)'!L33) -> 91 | F33: =SUM('7.3 (samb1)'!F33,'7.3 (samb1)'!M33,'7.3 (samb2)'!F33,'7.3 (samb2)'!M33,'7.3 (samb3)'!F33,'7.3 (samb3)'!M33) -> 469 | G33: =SUM('7.3 (samb1)'!G33,'7.3 (samb1)'!N33,'7.3 (samb2)'!G33,'7.3 (samb2)'!N33,'7.3 (samb3)'!G33,'7.3 (samb3)'!N33) -> 338 | H33: =SUM('7.3 (samb1)'!H33,'7.3 (samb1)'!O33,'7.3 (samb2)'!H33,'7.3 (samb2)'!O33,'7.3 (samb3)'!H33,'7.3 (samb3)'!O33) -> 211 | I33: =SUM('7.3 (samb1)'!I33,'7.3 (samb1)'!P33,'7.3 (samb2)'!I33,'7.3 (samb2)'!P33,'7.3 (samb3)'!I33,'7.3 (samb3)'!P33) -> 139 | J33: =SUM('7.3 (samb1)'!J33,'7.3 (samb1)'!Q33,'7.3 (samb2)'!J33,'7.3 (samb2)'!Q33,'7.3 (samb3)'!J33,'7.3 (samb3)'!Q33) -> 68
D34: 2023 | E34: =SUM('7.3 (samb1)'!E34,'7.3 (samb1)'!L34,'7.3 (samb2)'!E34,'7.3 (samb2)'!L34,'7.3 (samb3)'!E34,'7.3 (samb3)'!L34) -> 103 | F34: =SUM('7.3 (samb1)'!F34,'7.3 (samb1)'!M34,'7.3 (samb2)'!F34,'7.3 (samb2)'!M34,'7.3 (samb3)'!F34,'7.3 (samb3)'!M34) -> 531 | G34: =SUM('7.3 (samb1)'!G34,'7.3 (samb1)'!N34,'7.3 (samb2)'!G34,'7.3 (samb2)'!N34,'7.3 (samb3)'!G34,'7.3 (samb3)'!N34) -> 395 | H34: =SUM('7.3 (samb1)'!H34,'7.3 (samb1)'!O34,'7.3 (samb2)'!H34,'7.3 (samb2)'!O34,'7.3 (samb3)'!H34,'7.3 (samb3)'!O34) -> 246 | I34: =SUM('7.3 (samb1)'!I34,'7.3 (samb1)'!P34,'7.3 (samb2)'!I34,'7.3 (samb2)'!P34,'7.3 (samb3)'!I34,'7.3 (samb3)'!P34) -> 198 | J34: =SUM('7.3 (samb1)'!J34,'7.3 (samb1)'!Q34,'7.3 (samb2)'!J34,'7.3 (samb2)'!Q34,'7.3 (samb3)'!J34,'7.3 (samb3)'!Q34) -> 100
B36: Negeri Sembilan | D36: 2021 | E36: =SUM('7.3 (samb1)'!E36,'7.3 (samb1)'!L36,'7.3 (samb2)'!E36,'7.3 (samb2)'!L36,'7.3 (samb3)'!E36,'7.3 (samb3)'!L36) -> 236 | F36: =SUM('7.3 (samb1)'!F36,'7.3 (samb1)'!M36,'7.3 (samb2)'!F36,'7.3 (samb2)'!M36,'7.3 (samb3)'!F36,'7.3 (samb3)'!M36) -> 894 | G36: =SUM('7.3 (samb1)'!G36,'7.3 (samb1)'!N36,'7.3 (samb2)'!G36,'7.3 (samb2)'!N36,'7.3 (samb3)'!G36,'7.3 (samb3)'!N36) -> 610 | H36: =SUM('7.3 (samb1)'!H36,'7.3 (samb1)'!O36,'7.3 (samb2)'!H36,'7.3 (samb2)'!O36,'7.3 (samb3)'!H36,'7.3 (samb3)'!O36) -> 397 | I36: =SUM('7.3 (samb1)'!I36,'7.3 (samb1)'!P36,'7.3 (samb2)'!I36,'7.3 (samb2)'!P36,'7.3 (samb3)'!I36,'7.3 (samb3)'!P36) -> 201 | J36: =SUM('7.3 (samb1)'!J36,'7.3 (samb1)'!Q36,'7.3 (samb2)'!J36,'7.3 (samb2)'!Q36,'7.3 (samb3)'!J36,'7.3 (samb3)'!Q36) -> 112
D37: 2022 | E37: =SUM('7.3 (samb1)'!E37,'7.3 (samb1)'!L37,'7.3 (samb2)'!E37,'7.3 (samb2)'!L37,'7.3 (samb3)'!E37,'7.3 (samb3)'!L37) -> 205 | F37: =SUM('7.3 (samb1)'!F37,'7.3 (samb1)'!M37,'7.3 (samb2)'!F37,'7.3 (samb2)'!M37,'7.3 (samb3)'!F37,'7.3 (samb3)'!M37) -> 808 | G37: =SUM('7.3 (samb1)'!G37,'7.3 (samb1)'!N37,'7.3 (samb2)'!G37,'7.3 (samb2)'!N37,'7.3 (samb3)'!G37,'7.3 (samb3)'!N37) -> 653 | H37: =SUM('7.3 (samb1)'!H37,'7.3 (samb1)'!O37,'7.3 (samb2)'!H37,'7.3 (samb2)'!O37,'7.3 (samb3)'!H37,'7.3 (samb3)'!O37) -> 437 | I37: =SUM('7.3 (samb1)'!I37,'7.3 (samb1)'!P37,'7.3 (samb2)'!I37,'7.3 (samb2)'!P37,'7.3 (samb3)'!I37,'7.3 (samb3)'!P37) -> 257 | J37: =SUM('7.3 (samb1)'!J37,'7.3 (samb1)'!Q37,'7.3 (samb2)'!J37,'7.3 (samb2)'!Q37,'7.3 (samb3)'!J37,'7.3 (samb3)'!Q37) -> 141
D38: 2023 | E38: =SUM('7.3 (samb1)'!E38,'7.3 (samb1)'!L38,'7.3 (samb2)'!E38,'7.3 (samb2)'!L38,'7.3 (samb3)'!E38,'7.3 (samb3)'!L38) -> 200 | F38: =SUM('7.3 (samb1)'!F38,'7.3 (samb1)'!M38,'7.3 (samb2)'!F38,'7.3 (samb2)'!M38,'7.3 (samb3)'!F38,'7.3 (samb3)'!M38) -> 799 | G38: =SUM('7.3 (samb1)'!G38,'7.3 (samb1)'!N38,'7.3 (samb2)'!G38,'7.3 (samb2)'!N38,'7.3 (samb3)'!G38,'7.3 (samb3)'!N38) -> 681 | H38: =SUM('7.3 (samb1)'!H38,'7.3 (samb1)'!O38,'7.3 (samb2)'!H38,'7.3 (samb2)'!O38,'7.3 (samb3)'!H38,'7.3 (samb3)'!O38) -> 481 | I38: =SUM('7.3 (samb1)'!I38,'7.3 (samb1)'!P38,'7.3 (samb2)'!I38,'7.3 (samb2)'!P38,'7.3 (samb3)'!I38,'7.3 (samb3)'!P38) -> 324 | J38: =SUM('7.3 (samb1)'!J38,'7.3 (samb1)'!Q38,'7.3 (samb2)'!J38,'7.3 (samb2)'!Q38,'7.3 (samb3)'!J38,'7.3 (samb3)'!Q38) -> 219
B40: Pahang | D40: 2021 | E40: =SUM('7.3 (samb1)'!E40,'7.3 (samb1)'!L40,'7.3 (samb2)'!E40,'7.3 (samb2)'!L40,'7.3 (samb3)'!E40,'7.3 (samb3)'!L40) -> 155 | F40: =SUM('7.3 (samb1)'!F40,'7.3 (samb1)'!M40,'7.3 (samb2)'!F40,'7.3 (samb2)'!M40,'7.3 (samb3)'!F40,'7.3 (samb3)'!M40) -> 537 | G40: =SUM('7.3 (samb1)'!G40,'7.3 (samb1)'!N40,'7.3 (samb2)'!G40,'7.3 (samb2)'!N40,'7.3 (samb3)'!G40,'7.3 (samb3)'!N40) -> 380 | H40: =SUM('7.3 (samb1)'!H40,'7.3 (samb1)'!O40,'7.3 (samb2)'!H40,'7.3 (samb2)'!O40,'7.3 (samb3)'!H40,'7.3 (samb3)'!O40) -> 224 | I40: =SUM('7.3 (samb1)'!I40,'7.3 (samb1)'!P40,'7.3 (samb2)'!I40,'7.3 (samb2)'!P40,'7.3 (samb3)'!I40,'7.3 (samb3)'!P40) -> 163 | J40: =SUM('7.3 (samb1)'!J40,'7.3 (samb1)'!Q40,'7.3 (samb2)'!J40,'7.3 (samb2)'!Q40,'7.3 (samb3)'!J40,'7.3 (samb3)'!Q40) -> 71
D41: 2022 | E41: =SUM('7.3 (samb1)'!E41,'7.3 (samb1)'!L41,'7.3 (samb2)'!E41,'7.3 (samb2)'!L41,'7.3 (samb3)'!E41,'7.3 (samb3)'!L41) -> 117 | F41: =SUM('7.3 (samb1)'!F41,'7.3 (samb1)'!M41,'7.3 (samb2)'!F41,'7.3 (samb2)'!M41,'7.3 (samb3)'!F41,'7.3 (samb3)'!M41) -> 640 | G41: =SUM('7.3 (samb1)'!G41,'7.3 (samb1)'!N41,'7.3 (samb2)'!G41,'7.3 (samb2)'!N41,'7.3 (samb3)'!G41,'7.3 (samb3)'!N41) -> 481 | H41: =SUM('7.3 (samb1)'!H41,'7.3 (samb1)'!O41,'7.3 (samb2)'!H41,'7.3 (samb2)'!O41,'7.3 (samb3)'!H41,'7.3 (samb3)'!O41) -> 318 | I41: =SUM('7.3 (samb1)'!I41,'7.3 (samb1)'!P41,'7.3 (samb2)'!I41,'7.3 (samb2)'!P41,'7.3 (samb3)'!I41,'7.3 (samb3)'!P41) -> 158 | J41: =SUM('7.3 (samb1)'!J41,'7.3 (samb1)'!Q41,'7.3 (samb2)'!J41,'7.3 (samb2)'!Q41,'7.3 (samb3)'!J41,'7.3 (samb3)'!Q41) -> 99
D42: 2023 | E42: =SUM('7.3 (samb1)'!E42,'7.3 (samb1)'!L42,'7.3 (samb2)'!E42,'7.3 (samb2)'!L42,'7.3 (samb3)'!E42,'7.3 (samb3)'!L42) -> 178 | F42: =SUM('7.3 (samb1)'!F42,'7.3 (samb1)'!M42,'7.3 (samb2)'!F42,'7.3 (samb2)'!M42,'7.3 (samb3)'!F42,'7.3 (samb3)'!M42) -> 628 | G42: =SUM('7.3 (samb1)'!G42,'7.3 (samb1)'!N42,'7.3 (samb2)'!G42,'7.3 (samb2)'!N42,'7.3 (samb3)'!G42,'7.3 (samb3)'!N42) -> 605 | H42: =SUM('7.3 (samb1)'!H42,'7.3 (samb1)'!O42,'7.3 (samb2)'!H42,'7.3 (samb2)'!O42,'7.3 (samb3)'!H42,'7.3 (samb3)'!O42) -> 347 | I42: =SUM('7.3 (samb1)'!I42,'7.3 (samb1)'!P42,'7.3 (samb2)'!I42,'7.3 (samb2)'!P42,'7.3 (samb3)'!I42,'7.3 (samb3)'!P42) -> 239 | J42: =SUM('7.3 (samb1)'!J42,'7.3 (samb1)'!Q42,'7.3 (samb2)'!J42,'7.3 (samb2)'!Q42,'7.3 (samb3)'!J42,'7.3 (samb3)'!Q42) -> 144
B44: Pulau Pinang | D44: 2021 | E44: =SUM('7.3 (samb1)'!E44,'7.3 (samb1)'!L44,'7.3 (samb2)'!E44,'7.3 (samb2)'!L44,'7.3 (samb3)'!E44,'7.3 (samb3)'!L44) -> 222 | F44: =SUM('7.3 (samb1)'!F44,'7.3 (samb1)'!M44,'7.3 (samb2)'!F44,'7.3 (samb2)'!M44,'7.3 (samb3)'!F44,'7.3 (samb3)'!M44) -> 1056 | G44: =SUM('7.3 (samb1)'!G44,'7.3 (samb1)'!N44,'7.3 (samb2)'!G44,'7.3 (samb2)'!N44,'7.3 (samb3)'!G44,'7.3 (samb3)'!N44) -> 644 | H44: =SUM('7.3 (samb1)'!H44,'7.3 (samb1)'!O44,'7.3 (samb2)'!H44,'7.3 (samb2)'!O44,'7.3 (samb3)'!H44,'7.3 (samb3)'!O44) -> 449 | I44: =SUM('7.3 (samb1)'!I44,'7.3 (samb1)'!P44,'7.3 (samb2)'!I44,'7.3 (samb2)'!P44,'7.3 (samb3)'!I44,'7.3 (samb3)'!P44) -> 273 | J44: =SUM('7.3 (samb1)'!J44,'7.3 (samb1)'!Q44,'7.3 (samb2)'!J44,'7.3 (samb2)'!Q44,'7.3 (samb3)'!J44,'7.3 (samb3)'!Q44) -> 148
D45: 2022 | E45: =SUM('7.3 (samb1)'!E45,'7.3 (samb1)'!L45,'7.3 (samb2)'!E45,'7.3 (samb2)'!L45,'7.3 (samb3)'!E45,'7.3 (samb3)'!L45) -> 137 | F45: =SUM('7.3 (samb1)'!F45,'7.3 (samb1)'!M45,'7.3 (samb2)'!F45,'7.3 (samb2)'!M45,'7.3 (samb3)'!F45,'7.3 (samb3)'!M45) -> 840 | G45: =SUM('7.3 (samb1)'!G45,'7.3 (samb1)'!N45,'7.3 (samb2)'!G45,'7.3 (samb2)'!N45,'7.3 (samb3)'!G45,'7.3 (samb3)'!N45) -> 537 | H45: =SUM('7.3 (samb1)'!H45,'7.3 (samb1)'!O45,'7.3 (samb2)'!H45,'7.3 (samb2)'!O45,'7.3 (samb3)'!H45,'7.3 (samb3)'!O45) -> 386 | I45: =SUM('7.3 (samb1)'!I45,'7.3 (samb1)'!P45,'7.3 (samb2)'!I45,'7.3 (samb2)'!P45,'7.3 (samb3)'!I45,'7.3 (samb3)'!P45) -> 220 | J45: =SUM('7.3 (samb1)'!J45,'7.3 (samb1)'!Q45,'7.3 (samb2)'!J45,'7.3 (samb2)'!Q45,'7.3 (samb3)'!J45,'7.3 (samb3)'!Q45) -> 120
D46: 2023 | E46: =SUM('7.3 (samb1)'!E46,'7.3 (samb1)'!L46,'7.3 (samb2)'!E46,'7.3 (samb2)'!L46,'7.3 (samb3)'!E46,'7.3 (samb3)'!L46) -> 156 | F46: =SUM('7.3 (samb1)'!F46,'7.3 (samb1)'!M46,'7.3 (samb2)'!F46,'7.3 (samb2)'!M46,'7.3 (samb3)'!F46,'7.3 (samb3)'!M46) -> 1044 | G46: =SUM('7.3 (samb1)'!G46,'7.3 (samb1)'!N46,'7.3 (samb2)'!G46,'7.3 (samb2)'!N46,'7.3 (samb3)'!G46,'7.3 (samb3)'!N46) -> 701 | H46: =SUM('7.3 (samb1)'!H46,'7.3 (samb1)'!O46,'7.3 (samb2)'!H46,'7.3 (samb2)'!O46,'7.3 (samb3)'!H46,'7.3 (samb3)'!O46) -> 589 | I46: =SUM('7.3 (samb1)'!I46,'7.3 (samb1)'!P46,'7.3 (samb2)'!I46,'7.3 (samb2)'!P46,'7.3 (samb3)'!I46,'7.3 (samb3)'!P46) -> 332 | J46: =SUM('7.3 (samb1)'!J46,'7.3 (samb1)'!Q46,'7.3 (samb2)'!J46,'7.3 (samb2)'!Q46,'7.3 (samb3)'!J46,'7.3 (samb3)'!Q46) -> 189
B48: Perak | D48: 2021 | E48: =SUM('7.3 (samb1)'!E48,'7.3 (samb1)'!L48,'7.3 (samb2)'!E48,'7.3 (samb2)'!L48,'7.3 (samb3)'!E48,'7.3 (samb3)'!L48) -> 165 | F48: =SUM('7.3 (samb1)'!F48,'7.3 (samb1)'!M48,'7.3 (samb2)'!F48,'7.3 (samb2)'!M48,'7.3 (samb3)'!F48,'7.3 (samb3)'!M48) -> 578 | G48: =SUM('7.3 (samb1)'!G48,'7.3 (samb1)'!N48,'7.3 (samb2)'!G48,'7.3 (samb2)'!N48,'7.3 (samb3)'!G48,'7.3 (samb3)'!N48) -> 385 | H48: =SUM('7.3 (samb1)'!H48,'7.3 (samb1)'!O48,'7.3 (samb2)'!H48,'7.3 (samb2)'!O48,'7.3 (samb3)'!H48,'7.3 (samb3)'!O48) -> 273 | I48: =SUM('7.3 (samb1)'!I48,'7.3 (samb1)'!P48,'7.3 (samb2)'!I48,'7.3 (samb2)'!P48,'7.3 (samb3)'!I48,'7.3 (samb3)'!P48) -> 181 | J48: =SUM('7.3 (samb1)'!J48,'7.3 (samb1)'!Q48,'7.3 (samb2)'!J48,'7.3 (samb2)'!Q48,'7.3 (samb3)'!J48,'7.3 (samb3)'!Q48) -> 128
D49: 2022 | E49: =SUM('7.3 (samb1)'!E49,'7.3 (samb1)'!L49,'7.3 (samb2)'!E49,'7.3 (samb2)'!L49,'7.3 (samb3)'!E49,'7.3 (samb3)'!L49) -> 130 | F49: =SUM('7.3 (samb1)'!F49,'7.3 (samb1)'!M49,'7.3 (samb2)'!F49,'7.3 (samb2)'!M49,'7.3 (samb3)'!F49,'7.3 (samb3)'!M49) -> 500 | G49: =SUM('7.3 (samb1)'!G49,'7.3 (samb1)'!N49,'7.3 (samb2)'!G49,'7.3 (samb2)'!N49,'7.3 (samb3)'!G49,'7.3 (samb3)'!N49) -> 459 | H49: =SUM('7.3 (samb1)'!H49,'7.3 (samb1)'!O49,'7.3 (samb2)'!H49,'7.3 (samb2)'!O49,'7.3 (samb3)'!H49,'7.3 (samb3)'!O49) -> 293 | I49: =SUM('7.3 (samb1)'!I49,'7.3 (samb1)'!P49,'7.3 (samb2)'!I49,'7.3 (samb2)'!P49,'7.3 (samb3)'!I49,'7.3 (samb3)'!P49) -> 165 | J49: =SUM('7.3 (samb1)'!J49,'7.3 (samb1)'!Q49,'7.3 (samb2)'!J49,'7.3 (samb2)'!Q49,'7.3 (samb3)'!J49,'7.3 (samb3)'!Q49) -> 120
D50: 2023 | E50: =SUM('7.3 (samb1)'!E50,'7.3 (samb1)'!L50,'7.3 (samb2)'!E50,'7.3 (samb2)'!L50,'7.3 (samb3)'!E50,'7.3 (samb3)'!L50) -> 195 | F50: =SUM('7.3 (samb1)'!F50,'7.3 (samb1)'!M50,'7.3 (samb2)'!F50,'7.3 (samb2)'!M50,'7.3 (samb3)'!F50,'7.3 (samb3)'!M50) -> 716 | G50: =SUM('7.3 (samb1)'!G50,'7.3 (samb1)'!N50,'7.3 (samb2)'!G50,'7.3 (samb2)'!N50,'7.3 (samb3)'!G50,'7.3 (samb3)'!N50) -> 512 | H50: =SUM('7.3 (samb1)'!H50,'7.3 (samb1)'!O50,'7.3 (samb2)'!H50,'7.3 (samb2)'!O50,'7.3 (samb3)'!H50,'7.3 (samb3)'!O50) -> 413 | I50: =SUM('7.3 (samb1)'!I50,'7.3 (samb1)'!P50,'7.3 (samb2)'!I50,'7.3 (samb2)'!P50,'7.3 (samb3)'!I50,'7.3 (samb3)'!P50) -> 339 | J50: =SUM('7.3 (samb1)'!J50,'7.3 (samb1)'!Q50,'7.3 (samb2)'!J50,'7.3 (samb2)'!Q50,'7.3 (samb3)'!J50,'7.3 (samb3)'!Q50) -> 219
B52: Perlis | D52: 2021 | E52: =SUM('7.3 (samb1)'!E52,'7.3 (samb1)'!L52,'7.3 (samb2)'!E52,'7.3 (samb2)'!L52,'7.3 (samb3)'!E52,'7.3 (samb3)'!L52) -> 34 | F52: =SUM('7.3 (samb1)'!F52,'7.3 (samb1)'!M52,'7.3 (samb2)'!F52,'7.3 (samb2)'!M52,'7.3 (samb3)'!F52,'7.3 (samb3)'!M52) -> 131 | G52: =SUM('7.3 (samb1)'!G52,'7.3 (samb1)'!N52,'7.3 (samb2)'!G52,'7.3 (samb2)'!N52,'7.3 (samb3)'!G52,'7.3 (samb3)'!N52) -> 80 | H52: =SUM('7.3 (samb1)'!H52,'7.3 (samb1)'!O52,'7.3 (samb2)'!H52,'7.3 (samb2)'!O52,'7.3 (samb3)'!H52,'7.3 (samb3)'!O52) -> 63 | I52: =SUM('7.3 (samb1)'!I52,'7.3 (samb1)'!P52,'7.3 (samb2)'!I52,'7.3 (samb2)'!P52,'7.3 (samb3)'!I52,'7.3 (samb3)'!P52) -> 37 | J52: =SUM('7.3 (samb1)'!J52,'7.3 (samb1)'!Q52,'7.3 (samb2)'!J52,'7.3 (samb2)'!Q52,'7.3 (samb3)'!J52,'7.3 (samb3)'!Q52) -> 12
D53: 2022 | E53: =SUM('7.3 (samb1)'!E53,'7.3 (samb1)'!L53,'7.3 (samb2)'!E53,'7.3 (samb2)'!L53,'7.3 (samb3)'!E53,'7.3 (samb3)'!L53) -> 55 | F53: =SUM('7.3 (samb1)'!F53,'7.3 (samb1)'!M53,'7.3 (samb2)'!F53,'7.3 (samb2)'!M53,'7.3 (samb3)'!F53,'7.3 (samb3)'!M53) -> 129 | G53: =SUM('7.3 (samb1)'!G53,'7.3 (samb1)'!N53,'7.3 (samb2)'!G53,'7.3 (samb2)'!N53,'7.3 (samb3)'!G53,'7.3 (samb3)'!N53) -> 110 | H53: =SUM('7.3 (samb1)'!H53,'7.3 (samb1)'!O53,'7.3 (samb2)'!H53,'7.3 (samb2)'!O53,'7.3 (samb3)'!H53,'7.3 (samb3)'!O53) -> 47 | I53: =SUM('7.3 (samb1)'!I53,'7.3 (samb1)'!P53,'7.3 (samb2)'!I53,'7.3 (samb2)'!P53,'7.3 (samb3)'!I53,'7.3 (samb3)'!P53) -> 44 | J53: =SUM('7.3 (samb1)'!J53,'7.3 (samb1)'!Q53,'7.3 (samb2)'!J53,'7.3 (samb2)'!Q53,'7.3 (samb3)'!J53,'7.3 (samb3)'!Q53) -> 14
D54: 2023 | E54: =SUM('7.3 (samb1)'!E54,'7.3 (samb1)'!L54,'7.3 (samb2)'!E54,'7.3 (samb2)'!L54,'7.3 (samb3)'!E54,'7.3 (samb3)'!L54) -> 51 | F54: =SUM('7.3 (samb1)'!F54,'7.3 (samb1)'!M54,'7.3 (samb2)'!F54,'7.3 (samb2)'!M54,'7.3 (samb3)'!F54,'7.3 (samb3)'!M54) -> 126 | G54: =SUM('7.3 (samb1)'!G54,'7.3 (samb1)'!N54,'7.3 (samb2)'!G54,'7.3 (samb2)'!N54,'7.3 (samb3)'!G54,'7.3 (samb3)'!N54) -> 101 | H54: =SUM('7.3 (samb1)'!H54,'7.3 (samb1)'!O54,'7.3 (samb2)'!H54,'7.3 (samb2)'!O54,'7.3 (samb3)'!H54,'7.3 (samb3)'!O54) -> 62 | I54: =SUM('7.3 (samb1)'!I54,'7.3 (samb1)'!P54,'7.3 (samb2)'!I54,'7.3 (samb2)'!P54,'7.3 (samb3)'!I54,'7.3 (samb3)'!P54) -> 38 | J54: =SUM('7.3 (samb1)'!J54,'7.3 (samb1)'!Q54,'7.3 (samb2)'!J54,'7.3 (samb2)'!Q54,'7.3 (samb3)'!J54,'7.3 (samb3)'!Q54) -> 26
B56: Selangor | D56: 2021 | E56: =SUM('7.3 (samb1)'!E56,'7.3 (samb1)'!L56,'7.3 (samb2)'!E56,'7.3 (samb2)'!L56,'7.3 (samb3)'!E56,'7.3 (samb3)'!L56) -> 194 | F56: =SUM('7.3 (samb1)'!F56,'7.3 (samb1)'!M56,'7.3 (samb2)'!F56,'7.3 (samb2)'!M56,'7.3 (samb3)'!F56,'7.3 (samb3)'!M56) -> 1116 | G56: =SUM('7.3 (samb1)'!G56,'7.3 (samb1)'!N56,'7.3 (samb2)'!G56,'7.3 (samb2)'!N56,'7.3 (samb3)'!G56,'7.3 (samb3)'!N56) -> 915 | H56: =SUM('7.3 (samb1)'!H56,'7.3 (samb1)'!O56,'7.3 (samb2)'!H56,'7.3 (samb2)'!O56,'7.3 (samb3)'!H56,'7.3 (samb3)'!O56) -> 643 | I56: =SUM('7.3 (samb1)'!I56,'7.3 (samb1)'!P56,'7.3 (samb2)'!I56,'7.3 (samb2)'!P56,'7.3 (samb3)'!I56,'7.3 (samb3)'!P56) -> 369 | J56: =SUM('7.3 (samb1)'!J56,'7.3 (samb1)'!Q56,'7.3 (samb2)'!J56,'7.3 (samb2)'!Q56,'7.3 (samb3)'!J56,'7.3 (samb3)'!Q56) -> 200
D57: 2022 | E57: =SUM('7.3 (samb1)'!E57,'7.3 (samb1)'!L57,'7.3 (samb2)'!E57,'7.3 (samb2)'!L57,'7.3 (samb3)'!E57,'7.3 (samb3)'!L57) -> 109 | F57: =SUM('7.3 (samb1)'!F57,'7.3 (samb1)'!M57,'7.3 (samb2)'!F57,'7.3 (samb2)'!M57,'7.3 (samb3)'!F57,'7.3 (samb3)'!M57) -> 890 | G57: =SUM('7.3 (samb1)'!G57,'7.3 (samb1)'!N57,'7.3 (samb2)'!G57,'7.3 (samb2)'!N57,'7.3 (samb3)'!G57,'7.3 (samb3)'!N57) -> 784 | H57: =SUM('7.3 (samb1)'!H57,'7.3 (samb1)'!O57,'7.3 (samb2)'!H57,'7.3 (samb2)'!O57,'7.3 (samb3)'!H57,'7.3 (samb3)'!O57) -> 556 | I57: =SUM('7.3 (samb1)'!I57,'7.3 (samb1)'!P57,'7.3 (samb2)'!I57,'7.3 (samb2)'!P57,'7.3 (samb3)'!I57,'7.3 (samb3)'!P57) -> 355 | J57: =SUM('7.3 (samb1)'!J57,'7.3 (samb1)'!Q57,'7.3 (samb2)'!J57,'7.3 (samb2)'!Q57,'7.3 (samb3)'!J57,'7.3 (samb3)'!Q57) -> 156
D58: 2023 | E58: =SUM('7.3 (samb1)'!E58,'7.3 (samb1)'!L58,'7.3 (samb2)'!E58,'7.3 (samb2)'!L58,'7.3 (samb3)'!E58,'7.3 (samb3)'!L58) -> 318 | F58: =SUM('7.3 (samb1)'!F58,'7.3 (samb1)'!M58,'7.3 (samb2)'!F58,'7.3 (samb2)'!M58,'7.3 (samb3)'!F58,'7.3 (samb3)'!M58) -> 1859 | G58: =SUM('7.3 (samb1)'!G58,'7.3 (samb1)'!N58,'7.3 (samb2)'!G58,'7.3 (samb2)'!N58,'7.3 (samb3)'!G58,'7.3 (samb3)'!N58) -> 1597 | H58: =SUM('7.3 (samb1)'!H58,'7.3 (samb1)'!O58,'7.3 (samb2)'!H58,'7.3 (samb2)'!O58,'7.3 (samb3)'!H58,'7.3 (samb3)'!O58) -> 1159 | I58: =SUM('7.3 (samb1)'!I58,'7.3 (samb1)'!P58,'7.3 (samb2)'!I58,'7.3 (samb2)'!P58,'7.3 (samb3)'!I58,'7.3 (samb3)'!P58) -> 732 | J58: =SUM('7.3 (samb1)'!J58,'7.3 (samb1)'!Q58,'7.3 (samb2)'!J58,'7.3 (samb2)'!Q58,'7.3 (samb3)'!J58,'7.3 (samb3)'!Q58) -> 546
B60: Terengganu | D60: 2021 | E60: =SUM('7.3 (samb1)'!E60,'7.3 (samb1)'!L60,'7.3 (samb2)'!E60,'7.3 (samb2)'!L60,'7.3 (samb3)'!E60,'7.3 (samb3)'!L60) -> 127 | F60: =SUM('7.3 (samb1)'!F60,'7.3 (samb1)'!M60,'7.3 (samb2)'!F60,'7.3 (samb2)'!M60,'7.3 (samb3)'!F60,'7.3 (samb3)'!M60) -> 409 | G60: =SUM('7.3 (samb1)'!G60,'7.3 (samb1)'!N60,'7.3 (samb2)'!G60,'7.3 (samb2)'!N60,'7.3 (samb3)'!G60,'7.3 (samb3)'!N60) -> 260 | H60: =SUM('7.3 (samb1)'!H60,'7.3 (samb1)'!O60,'7.3 (samb2)'!H60,'7.3 (samb2)'!O60,'7.3 (samb3)'!H60,'7.3 (samb3)'!O60) -> 172 | I60: =SUM('7.3 (samb1)'!I60,'7.3 (samb1)'!P60,'7.3 (samb2)'!I60,'7.3 (samb2)'!P60,'7.3 (samb3)'!I60,'7.3 (samb3)'!P60) -> 113 | J60: =SUM('7.3 (samb1)'!J60,'7.3 (samb1)'!Q60,'7.3 (samb2)'!J60,'7.3 (samb2)'!Q60,'7.3 (samb3)'!J60,'7.3 (samb3)'!Q60) -> 22
D61: 2022 | E61: =SUM('7.3 (samb1)'!E61,'7.3 (samb1)'!L61,'7.3 (samb2)'!E61,'7.3 (samb2)'!L61,'7.3 (samb3)'!E61,'7.3 (samb3)'!L61) -> 93 | F61: =SUM('7.3 (samb1)'!F61,'7.3 (samb1)'!M61,'7.3 (samb2)'!F61,'7.3 (samb2)'!M61,'7.3 (samb3)'!F61,'7.3 (samb3)'!M61) -> 384 | G61: =SUM('7.3 (samb1)'!G61,'7.3 (samb1)'!N61,'7.3 (samb2)'!G61,'7.3 (samb2)'!N61,'7.3 (samb3)'!G61,'7.3 (samb3)'!N61) -> 358 | H61: =SUM('7.3 (samb1)'!H61,'7.3 (samb1)'!O61,'7.3 (samb2)'!H61,'7.3 (samb2)'!O61,'7.3 (samb3)'!H61,'7.3 (samb3)'!O61) -> 194 | I61: =SUM('7.3 (samb1)'!I61,'7.3 (samb1)'!P61,'7.3 (samb2)'!I61,'7.3 (samb2)'!P61,'7.3 (samb3)'!I61,'7.3 (samb3)'!P61) -> 115 | J61: =SUM('7.3 (samb1)'!J61,'7.3 (samb1)'!Q61,'7.3 (samb2)'!J61,'7.3 (samb2)'!Q61,'7.3 (samb3)'!J61,'7.3 (samb3)'!Q61) -> 54
D62: 2023 | E62: =SUM('7.3 (samb1)'!E62,'7.3 (samb1)'!L62,'7.3 (samb2)'!E62,'7.3 (samb2)'!L62,'7.3 (samb3)'!E62,'7.3 (samb3)'!L62) -> 86 | F62: =SUM('7.3 (samb1)'!F62,'7.3 (samb1)'!M62,'7.3 (samb2)'!F62,'7.3 (samb2)'!M62,'7.3 (samb3)'!F62,'7.3 (samb3)'!M62) -> 344 | G62: =SUM('7.3 (samb1)'!G62,'7.3 (samb1)'!N62,'7.3 (samb2)'!G62,'7.3 (samb2)'!N62,'7.3 (samb3)'!G62,'7.3 (samb3)'!N62) -> 298 | H62: =SUM('7.3 (samb1)'!H62,'7.3 (samb1)'!O62,'7.3 (samb2)'!H62,'7.3 (samb2)'!O62,'7.3 (samb3)'!H62,'7.3 (samb3)'!O62) -> 195 | I62: =SUM('7.3 (samb1)'!I62,'7.3 (samb1)'!P62,'7.3 (samb2)'!I62,'7.3 (samb2)'!P62,'7.3 (samb3)'!I62,'7.3 (samb3)'!P62) -> 147 | J62: =SUM('7.3 (samb1)'!J62,'7.3 (samb1)'!Q62,'7.3 (samb2)'!J62,'7.3 (samb2)'!Q62,'7.3 (samb3)'!J62,'7.3 (samb3)'!Q62) -> 69
B64: Sabah | D64: 2021 | E64: =SUM('7.3 (samb1)'!E64,'7.3 (samb1)'!L64,'7.3 (samb2)'!E64,'7.3 (samb2)'!L64,'7.3 (samb3)'!E64,'7.3 (samb3)'!L64) -> 69 | F64: =SUM('7.3 (samb1)'!F64,'7.3 (samb1)'!M64,'7.3 (samb2)'!F64,'7.3 (samb2)'!M64,'7.3 (samb3)'!F64,'7.3 (samb3)'!M64) -> 357 | G64: =SUM('7.3 (samb1)'!G64,'7.3 (samb1)'!N64,'7.3 (samb2)'!G64,'7.3 (samb2)'!N64,'7.3 (samb3)'!G64,'7.3 (samb3)'!N64) -> 300 | H64: =SUM('7.3 (samb1)'!H64,'7.3 (samb1)'!O64,'7.3 (samb2)'!H64,'7.3 (samb2)'!O64,'7.3 (samb3)'!H64,'7.3 (samb3)'!O64) -> 207 | I64: =SUM('7.3 (samb1)'!I64,'7.3 (samb1)'!P64,'7.3 (samb2)'!I64,'7.3 (samb2)'!P64,'7.3 (samb3)'!I64,'7.3 (samb3)'!P64) -> 133 | J64: =SUM('7.3 (samb1)'!J64,'7.3 (samb1)'!Q64,'7.3 (samb2)'!J64,'7.3 (samb2)'!Q64,'7.3 (samb3)'!J64,'7.3 (samb3)'!Q64) -> 73
D65: 2022 | E65: =SUM('7.3 (samb1)'!E65,'7.3 (samb1)'!L65,'7.3 (samb2)'!E65,'7.3 (samb2)'!L65,'7.3 (samb3)'!E65,'7.3 (samb3)'!L65) -> 38 | F65: =SUM('7.3 (samb1)'!F65,'7.3 (samb1)'!M65,'7.3 (samb2)'!F65,'7.3 (samb2)'!M65,'7.3 (samb3)'!F65,'7.3 (samb3)'!M65) -> 347 | G65: =SUM('7.3 (samb1)'!G65,'7.3 (samb1)'!N65,'7.3 (samb2)'!G65,'7.3 (samb2)'!N65,'7.3 (samb3)'!G65,'7.3 (samb3)'!N65) -> 381 | H65: =SUM('7.3 (samb1)'!H65,'7.3 (samb1)'!O65,'7.3 (samb2)'!H65,'7.3 (samb2)'!O65,'7.3 (samb3)'!H65,'7.3 (samb3)'!O65) -> 215 | I65: =SUM('7.3 (samb1)'!I65,'7.3 (samb1)'!P65,'7.3 (samb2)'!I65,'7.3 (samb2)'!P65,'7.3 (samb3)'!I65,'7.3 (samb3)'!P65) -> 149 | J65: =SUM('7.3 (samb1)'!J65,'7.3 (samb1)'!Q65,'7.3 (samb2)'!J65,'7.3 (samb2)'!Q65,'7.3 (samb3)'!J65,'7.3 (samb3)'!Q65) -> 77
D66: 2023 | E66: =SUM('7.3 (samb1)'!E66,'7.3 (samb1)'!L66,'7.3 (samb2)'!E66,'7.3 (samb2)'!L66,'7.3 (samb3)'!E66,'7.3 (samb3)'!L66) -> 72 | F66: =SUM('7.3 (samb1)'!F66,'7.3 (samb1)'!M66,'7.3 (samb2)'!F66,'7.3 (samb2)'!M66,'7.3 (samb3)'!F66,'7.3 (samb3)'!M66) -> 493 | G66: =SUM('7.3 (samb1)'!G66,'7.3 (samb1)'!N66,'7.3 (samb2)'!G66,'7.3 (samb2)'!N66,'7.3 (samb3)'!G66,'7.3 (samb3)'!N66) -> 553 | H66: =SUM('7.3 (samb1)'!H66,'7.3 (samb1)'!O66,'7.3 (samb2)'!H66,'7.3 (samb2)'!O66,'7.3 (samb3)'!H66,'7.3 (samb3)'!O66) -> 363 | I66: =SUM('7.3 (samb1)'!I66,'7.3 (samb1)'!P66,'7.3 (samb2)'!I66,'7.3 (samb2)'!P66,'7.3 (samb3)'!I66,'7.3 (samb3)'!P66) -> 234 | J66: =SUM('7.3 (samb1)'!J66,'7.3 (samb1)'!Q66,'7.3 (samb2)'!J66,'7.3 (samb2)'!Q66,'7.3 (samb3)'!J66,'7.3 (samb3)'!Q66) -> 104
B68: Sarawak | D68: 2021 | E68: =SUM('7.3 (samb1)'!E68,'7.3 (samb1)'!L68,'7.3 (samb2)'!E68,'7.3 (samb2)'!L68,'7.3 (samb3)'!E68,'7.3 (samb3)'!L68) -> 197 | F68: =SUM('7.3 (samb1)'!F68,'7.3 (samb1)'!M68,'7.3 (samb2)'!F68,'7.3 (samb2)'!M68,'7.3 (samb3)'!F68,'7.3 (samb3)'!M68) -> 741 | G68: =SUM('7.3 (samb1)'!G68,'7.3 (samb1)'!N68,'7.3 (samb2)'!G68,'7.3 (samb2)'!N68,'7.3 (samb3)'!G68,'7.3 (samb3)'!N68) -> 529 | H68: =SUM('7.3 (samb1)'!H68,'7.3 (samb1)'!O68,'7.3 (samb2)'!H68,'7.3 (samb2)'!O68,'7.3 (samb3)'!H68,'7.3 (samb3)'!O68) -> 385 | I68: =SUM('7.3 (samb1)'!I68,'7.3 (samb1)'!P68,'7.3 (samb2)'!I68,'7.3 (samb2)'!P68,'7.3 (samb3)'!I68,'7.3 (samb3)'!P68) -> 184 | J68: =SUM('7.3 (samb1)'!J68,'7.3 (samb1)'!Q68,'7.3 (samb2)'!J68,'7.3 (samb2)'!Q68,'7.3 (samb3)'!J68,'7.3 (samb3)'!Q68) -> 117
D69: 2022 | E69: =SUM('7.3 (samb1)'!E69,'7.3 (samb1)'!L69,'7.3 (samb2)'!E69,'7.3 (samb2)'!L69,'7.3 (samb3)'!E69,'7.3 (samb3)'!L69) -> 141 | F69: =SUM('7.3 (samb1)'!F69,'7.3 (samb1)'!M69,'7.3 (samb2)'!F69,'7.3 (samb2)'!M69,'7.3 (samb3)'!F69,'7.3 (samb3)'!M69) -> 596 | G69: =SUM('7.3 (samb1)'!G69,'7.3 (samb1)'!N69,'7.3 (samb2)'!G69,'7.3 (samb2)'!N69,'7.3 (samb3)'!G69,'7.3 (samb3)'!N69) -> 475 | H69: =SUM('7.3 (samb1)'!H69,'7.3 (samb1)'!O69,'7.3 (samb2)'!H69,'7.3 (samb2)'!O69,'7.3 (samb3)'!H69,'7.3 (samb3)'!O69) -> 348 | I69: =SUM('7.3 (samb1)'!I69,'7.3 (samb1)'!P69,'7.3 (samb2)'!I69,'7.3 (samb2)'!P69,'7.3 (samb3)'!I69,'7.3 (samb3)'!P69) -> 190 | J69: =SUM('7.3 (samb1)'!J69,'7.3 (samb1)'!Q69,'7.3 (samb2)'!J69,'7.3 (samb2)'!Q69,'7.3 (samb3)'!J69,'7.3 (samb3)'!Q69) -> 115
D70: 2023 | E70: =SUM('7.3 (samb1)'!E70,'7.3 (samb1)'!L70,'7.3 (samb2)'!E70,'7.3 (samb2)'!L70,'7.3 (samb3)'!E70,'7.3 (samb3)'!L70) -> 140 | F70: =SUM('7.3 (samb1)'!F70,'7.3 (samb1)'!M70,'7.3 (samb2)'!F70,'7.3 (samb2)'!M70,'7.3 (samb3)'!F70,'7.3 (samb3)'!M70) -> 694 | G70: =SUM('7.3 (samb1)'!G70,'7.3 (samb1)'!N70,'7.3 (samb2)'!G70,'7.3 (samb2)'!N70,'7.3 (samb3)'!G70,'7.3 (samb3)'!N70) -> 593 | H70: =SUM('7.3 (samb1)'!H70,'7.3 (samb1)'!O70,'7.3 (samb2)'!H70,'7.3 (samb2)'!O70,'7.3 (samb3)'!H70,'7.3 (samb3)'!O70) -> 462 | I70: =SUM('7.3 (samb1)'!I70,'7.3 (samb1)'!P70,'7.3 (samb2)'!I70,'7.3 (samb2)'!P70,'7.3 (samb3)'!I70,'7.3 (samb3)'!P70) -> 275 | J70: =SUM('7.3 (samb1)'!J70,'7.3 (samb1)'!Q70,'7.3 (samb2)'!J70,'7.3 (samb2)'!Q70,'7.3 (samb3)'!J70,'7.3 (samb3)'!Q70) -> 154
B72: W.P. Kuala Lumpur | D72: 2021 | E72: =SUM('7.3 (samb1)'!E72,'7.3 (samb1)'!L72,'7.3 (samb2)'!E72,'7.3 (samb2)'!L72,'7.3 (samb3)'!E72,'7.3 (samb3)'!L72) -> 176 | F72: =SUM('7.3 (samb1)'!F72,'7.3 (samb1)'!M72,'7.3 (samb2)'!F72,'7.3 (samb2)'!M72,'7.3 (samb3)'!F72,'7.3 (samb3)'!M72) -> 1255 | G72: =SUM('7.3 (samb1)'!G72,'7.3 (samb1)'!N72,'7.3 (samb2)'!G72,'7.3 (samb2)'!N72,'7.3 (samb3)'!G72,'7.3 (samb3)'!N72) -> 983 | H72: =SUM('7.3 (samb1)'!H72,'7.3 (samb1)'!O72,'7.3 (samb2)'!H72,'7.3 (samb2)'!O72,'7.3 (samb3)'!H72,'7.3 (samb3)'!O72) -> 565 | I72: =SUM('7.3 (samb1)'!I72,'7.3 (samb1)'!P72,'7.3 (samb2)'!I72,'7.3 (samb2)'!P72,'7.3 (samb3)'!I72,'7.3 (samb3)'!P72) -> 332 | J72: =SUM('7.3 (samb1)'!J72,'7.3 (samb1)'!Q72,'7.3 (samb2)'!J72,'7.3 (samb2)'!Q72,'7.3 (samb3)'!J72,'7.3 (samb3)'!Q72) -> 191
D73: 2022 | E73: =SUM('7.3 (samb1)'!E73,'7.3 (samb1)'!L73,'7.3 (samb2)'!E73,'7.3 (samb2)'!L73,'7.3 (samb3)'!E73,'7.3 (samb3)'!L73) -> 164 | F73: =SUM('7.3 (samb1)'!F73,'7.3 (samb1)'!M73,'7.3 (samb2)'!F73,'7.3 (samb2)'!M73,'7.3 (samb3)'!F73,'7.3 (samb3)'!M73) -> 1239 | G73: =SUM('7.3 (samb1)'!G73,'7.3 (samb1)'!N73,'7.3 (samb2)'!G73,'7.3 (samb2)'!N73,'7.3 (samb3)'!G73,'7.3 (samb3)'!N73) -> 1072 | H73: =SUM('7.3 (samb1)'!H73,'7.3 (samb1)'!O73,'7.3 (samb2)'!H73,'7.3 (samb2)'!O73,'7.3 (samb3)'!H73,'7.3 (samb3)'!O73) -> 592 | I73: =SUM('7.3 (samb1)'!I73,'7.3 (samb1)'!P73,'7.3 (samb2)'!I73,'7.3 (samb2)'!P73,'7.3 (samb3)'!I73,'7.3 (samb3)'!P73) -> 286 | J73: =SUM('7.3 (samb1)'!J73,'7.3 (samb1)'!Q73,'7.3 (samb2)'!J73,'7.3 (samb2)'!Q73,'7.3 (samb3)'!J73,'7.3 (samb3)'!Q73) -> 200
D74: 2023 | E74: =SUM('7.3 (samb1)'!E74,'7.3 (samb1)'!L74,'7.3 (samb2)'!E74,'7.3 (samb2)'!L74,'7.3 (samb3)'!E74,'7.3 (samb3)'!L74) -> 188 | F74: =SUM('7.3 (samb1)'!F74,'7.3 (samb1)'!M74,'7.3 (samb2)'!F74,'7.3 (samb2)'!M74,'7.3 (samb3)'!F74,'7.3 (samb3)'!M74) -> 1297 | G74: =SUM('7.3 (samb1)'!G74,'7.3 (samb1)'!N74,'7.3 (samb2)'!G74,'7.3 (samb2)'!N74,'7.3 (samb3)'!G74,'7.3 (samb3)'!N74) -> 1221 | H74: =SUM('7.3 (samb1)'!H74,'7.3 (samb1)'!O74,'7.3 (samb2)'!H74,'7.3 (samb2)'!O74,'7.3 (samb3)'!H74,'7.3 (samb3)'!O74) -> 736 | I74: =SUM('7.3 (samb1)'!I74,'7.3 (samb1)'!P74,'7.3 (samb2)'!I74,'7.3 (samb2)'!P74,'7.3 (samb3)'!I74,'7.3 (samb3)'!P74) -> 402 | J74: =SUM('7.3 (samb1)'!J74,'7.3 (samb1)'!Q74,'7.3 (samb2)'!J74,'7.3 (samb2)'!Q74,'7.3 (samb3)'!J74,'7.3 (samb3)'!Q74) -> 336
K76: Sumber: Polis Diraja Malaysia
K77: Source: Royal Malaysia Police

Sheet 7.3 (samb1)
R2: JENAYAH KOMERSIAL
R3: COMMERCIAL CRIMES
B5: Jadual 7.3 | C5: : Statistik mangsa jenayah dalam talian mengikut negeri dan kumpulan umur, Malaysia, 2021–2023 (samb.)
B6: Table 7.3 | C6: : Statistics of victims for online crime by state and age group, Malaysia, 2021–2023 (cont'd)
B10: Negeri | D10: Tahun | E10: Jenayah telekomunikasi | L10: E-kewangan
B11: State | D11: Year | E11: Telecommunication crime | L11: e-Finance
E13: 15-20 | F13: 21-30 | G13: 31-40 | H13: 41-50 | I13: 51-60 | J13: ≥61 | L13: 15-20 | M13: 21-30 | N13: 31-40 | O13: 41-50 | P13: 51-60 | Q13: ≥61
B16: MALAYSIA | D16: 2021 | E16: =SUM('7.4 (L)'!E16,'7.4 (P)'!E16) -> 337 | F16: =SUM('7.4 (L)'!F16,'7.4 (P)'!F16) -> 1877 | G16: =SUM('7.4 (L)'!G16,'7.4 (P)'!G16) -> 1463 | H16: =SUM('7.4 (L)'!H16,'7.4 (P)'!H16) -> 1112 | I16: =SUM('7.4 (L)'!I16,'7.4 (P)'!I16) -> 882 | J16: =SUM('7.4 (L)'!J16,'7.4 (P)'!J16) -> 752 | L16: =SUM('7.4 (L)'!L16,'7.4 (P)'!L16) -> 65 | M16: =SUM('7.4 (L)'!M16,'7.4 (P)'!M16) -> 262 | N16: =SUM('7.4 (L)'!N16,'7.4 (P)'!N16) -> 193 | O16: =SUM('7.4 (L)'!O16,'7.4 (P)'!O16) -> 163 | P16: =SUM('7.4 (L)'!P16,'7.4 (P)'!P16) -> 143 | Q16: =SUM('7.4 (L)'!Q16,'7.4 (P)'!Q16) -> 70
D17: 2022 | E17: =SUM('7.4 (L)'!E17,'7.4 (P)'!E17) -> 359 | F17: =SUM('7.4 (L)'!F17,'7.4 (P)'!F17) -> 2285 | G17: =SUM('7.4 (L)'!G17,'7.4 (P)'!G17) -> 1893 | H17: =SUM('7.4 (L)'!H17,'7.4 (P)'!H17) -> 1379 | I17: =SUM('7.4 (L)'!I17,'7.4 (P)'!I17) -> 1045 | J17: =SUM('7.4 (L)'!J17,'7.4 (P)'!J17) -> 771 | L17: =SUM('7.4 (L)'!L17,'7.4 (P)'!L17) -> 68 | M17: =SUM('7.4 (L)'!M17,'7.4 (P)'!M17) -> 247 | N17: =SUM('7.4 (L)'!N17,'7.4 (P)'!N17) -> 337 | O17: =SUM('7.4 (L)'!O17,'7.4 (P)'!O17) -> 316 | P17: =SUM('7.4 (L)'!P17,'7.4 (P)'!P17) -> 185 | Q17: =SUM('7.4 (L)'!Q17,'7.4 (P)'!Q17) -> 104
D18: 2023 | E18: =SUM('7.4 (L)'!E18,'7.4 (P)'!E18) -> 657 | F18: =SUM('7.4 (L)'!F18,'7.4 (P)'!F18) -> 3258 | G18: =SUM('7.4 (L)'!G18,'7.4 (P)'!G18) -> 2309 | H18: =SUM('7.4 (L)'!H18,'7.4 (P)'!H18) -> 1714 | I18: =SUM('7.4 (L)'!I18,'7.4 (P)'!I18) -> 1347 | J18: =SUM('7.4 (L)'!J18,'7.4 (P)'!J18) -> 1061 | L18: =SUM('7.4 (L)'!L18,'7.4 (P)'!L18) -> 118 | M18: =SUM('7.4 (L)'!M18,'7.4 (P)'!M18) -> 483 | N18: =SUM('7.4 (L)'!N18,'7.4 (P)'!N18) -> 517 | O18: =SUM('7.4 (L)'!O18,'7.4 (P)'!O18) -> 447 | P18: =SUM('7.4 (L)'!P18,'7.4 (P)'!P18) -> 308 | Q18: =SUM('7.4 (L)'!Q18,'7.4 (P)'!Q18) -> 219 | U18: ≥
B20: Johor | D20: 2021 | E20: =SUM('7.4 (L)'!E20,'7.4 (P)'!E20) -> 38 | F20: =SUM('7.4 (L)'!F20,'7.4 (P)'!F20) -> 153 | G20: =SUM('7.4 (L)'!G20,'7.4 (P)'!G20) -> 137 | H20: =SUM('7.4 (L)'!H20,'7.4 (P)'!H20) -> 138 | I20: =SUM('7.4 (L)'!I20,'7.4 (P)'!I20) -> 91 | J20: =SUM('7.4 (L)'!J20,'7.4 (P)'!J20) -> 89 | L20: =SUM('7.4 (L)'!L20,'7.4 (P)'!L20) -> 2 | M20: =SUM('7.4 (L)'!M20,'7.4 (P)'!M20) -> 14 | N20: =SUM('7.4 (L)'!N20,'7.4 (P)'!N20) -> 7 | O20: =SUM('7.4 (L)'!O20,'7.4 (P)'!O20) -> 6 | P20: =SUM('7.4 (L)'!P20,'7.4 (P)'!P20) -> 9 | Q20: =SUM('7.4 (L)'!Q20,'7.4 (P)'!Q20) -> 3
D21: 2022 | E21: =SUM('7.4 (L)'!E21,'7.4 (P)'!E21) -> 17 | F21: =SUM('7.4 (L)'!F21,'7.4 (P)'!F21) -> 180 | G21: =SUM('7.4 (L)'!G21,'7.4 (P)'!G21) -> 181 | H21: =SUM('7.4 (L)'!H21,'7.4 (P)'!H21) -> 138 | I21: =SUM('7.4 (L)'!I21,'7.4 (P)'!I21) -> 111 | J21: =SUM('7.4 (L)'!J21,'7.4 (P)'!J21) -> 81 | L21: =SUM('7.4 (L)'!L21,'7.4 (P)'!L21) -> 5 | M21: =SUM('7.4 (L)'!M21,'7.4 (P)'!M21) -> 25 | N21: =SUM('7.4 (L)'!N21,'7.4 (P)'!N21) -> 35 | O21: =SUM('7.4 (L)'!O21,'7.4 (P)'!O21) -> 38 | P21: =SUM('7.4 (L)'!P21,'7.4 (P)'!P21) -> 16 | Q21: =SUM('7.4 (L)'!Q21,'7.4 (P)'!Q21) -> 9
D22: 2023 | E22: =SUM('7.4 (L)'!E22,'7.4 (P)'!E22) -> 56 | F22: =SUM('7.4 (L)'!F22,'7.4 (P)'!F22) -> 334 | G22: =SUM('7.4 (L)'!G22,'7.4 (P)'!G22) -> 240 | H22: =SUM('7.4 (L)'!H22,'7.4 (P)'!H22) -> 153 | I22: =SUM('7.4 (L)'!I22,'7.4 (P)'!I22) -> 153 | J22: =SUM('7.4 (L)'!J22,'7.4 (P)'!J22) -> 116 | L22: =SUM('7.4 (L)'!L22,'7.4 (P)'!L22) -> 24 | M22: =SUM('7.4 (L)'!M22,'7.4 (P)'!M22) -> 76 | N22: =SUM('7.4 (L)'!N22,'7.4 (P)'!N22) -> 84 | O22: =SUM('7.4 (L)'!O22,'7.4 (P)'!O22) -> 80 | P22: =SUM('7.4 (L)'!P22,'7.4 (P)'!P22) -> 57 | Q22: =SUM('7.4 (L)'!Q22,'7.4 (P)'!Q22) -> 27
B24: Kedah | D24: 2021 | E24: =SUM('7.4 (L)'!E24,'7.4 (P)'!E24) -> 28 | F24: =SUM('7.4 (L)'!F24,'7.4 (P)'!F24) -> 103 | G24: =SUM('7.4 (L)'!G24,'7.4 (P)'!G24) -> 75 | H24: =SUM('7.4 (L)'!H24,'7.4 (P)'!H24) -> 76 | I24: =SUM('7.4 (L)'!I24,'7.4 (P)'!I24) -> 63 | J24: =SUM('7.4 (L)'!J24,'7.4 (P)'!J24) -> 28 | L24: =SUM('7.4 (L)'!L24,'7.4 (P)'!L24) -> 4 | M24: =SUM('7.4 (L)'!M24,'7.4 (P)'!M24) -> 19 | N24: =SUM('7.4 (L)'!N24,'7.4 (P)'!N24) -> 8 | O24: =SUM('7.4 (L)'!O24,'7.4 (P)'!O24) -> 9 | P24: =SUM('7.4 (L)'!P24,'7.4 (P)'!P24) -> 8 | Q24: =SUM('7.4 (L)'!Q24,'7.4 (P)'!Q24) -> 5
D25: 2022 | E25: =SUM('7.4 (L)'!E25,'7.4 (P)'!E25) -> 27 | F25: =SUM('7.4 (L)'!F25,'7.4 (P)'!F25) -> 118 | G25: =SUM('7.4 (L)'!G25,'7.4 (P)'!G25) -> 108 | H25: =SUM('7.4 (L)'!H25,'7.4 (P)'!H25) -> 105 | I25: =SUM('7.4 (L)'!I25,'7.4 (P)'!I25) -> 63 | J25: =SUM('7.4 (L)'!J25,'7.4 (P)'!J25) -> 53 | L25: =SUM('7.4 (L)'!L25,'7.4 (P)'!L25) -> 2 | M25: =SUM('7.4 (L)'!M25,'7.4 (P)'!M25) -> 11 | N25: =SUM('7.4 (L)'!N25,'7.4 (P)'!N25) -> 12 | O25: =SUM('7.4 (L)'!O25,'7.4 (P)'!O25) -> 13 | P25: =SUM('7.4 (L)'!P25,'7.4 (P)'!P25) -> 9 | Q25: =SUM('7.4 (L)'!Q25,'7.4 (P)'!Q25) -> 9
D26: 2023 | E26: =SUM('7.4 (L)'!E26,'7.4 (P)'!E26) -> 37 | F26: =SUM('7.4 (L)'!F26,'7.4 (P)'!F26) -> 170 | G26: =SUM('7.4 (L)'!G26,'7.4 (P)'!G26) -> 113 | H26: =SUM('7.4 (L)'!H26,'7.4 (P)'!H26) -> 106 | I26: =SUM('7.4 (L)'!I26,'7.4 (P)'!I26) -> 80 | J26: =SUM('7.4 (L)'!J26,'7.4 (P)'!J26) -> 47 | L26: =SUM('7.4 (L)'!L26,'7.4 (P)'!L26) -> 9 | M26: =SUM('7.4 (L)'!M26,'7.4 (P)'!M26) -> 25 | N26: =SUM('7.4 (L)'!N26,'7.4 (P)'!N26) -> 26 | O26: =SUM('7.4 (L)'!O26,'7.4 (P)'!O26) -> 16 | P26: =SUM('7.4 (L)'!P26,'7.4 (P)'!P26) -> 18 | Q26: =SUM('7.4 (L)'!Q26,'7.4 (P)'!Q26) -> 11
B28: Kelantan | D28: 2021 | E28: =SUM('7.4 (L)'!E28,'7.4 (P)'!E28) -> 13 | F28: =SUM('7.4 (L)'!F28,'7.4 (P)'!F28) -> 39 | G28: =SUM('7.4 (L)'!G28,'7.4 (P)'!G28) -> 28 | H28: =SUM('7.4 (L)'!H28,'7.4 (P)'!H28) -> 26 | I28: =SUM('7.4 (L)'!I28,'7.4 (P)'!I28) -> 14 | J28: =SUM('7.4 (L)'!J28,'7.4 (P)'!J28) -> 11 | L28: =SUM('7.4 (L)'!L28,'7.4 (P)'!L28) -> 3 | M28: =SUM('7.4 (L)'!M28,'7.4 (P)'!M28) -> 13 | N28: =SUM('7.4 (L)'!N28,'7.4 (P)'!N28) -> 10 | O28: =SUM('7.4 (L)'!O28,'7.4 (P)'!O28) -> 6 | P28: =SUM('7.4 (L)'!P28,'7.4 (P)'!P28) -> 7 | Q28: =SUM('7.4 (L)'!Q28,'7.4 (P)'!Q28) -> 2
D29: 2022 | E29: =SUM('7.4 (L)'!E29,'7.4 (P)'!E29) -> 7 | F29: =SUM('7.4 (L)'!F29,'7.4 (P)'!F29) -> 76 | G29: =SUM('7.4 (L)'!G29,'7.4 (P)'!G29) -> 65 | H29: =SUM('7.4 (L)'!H29,'7.4 (P)'!H29) -> 56 | I29: =SUM('7.4 (L)'!I29,'7.4 (P)'!I29) -> 42 | J29: =SUM('7.4 (L)'!J29,'7.4 (P)'!J29) -> 21 | L29: =SUM('7.4 (L)'!L29,'7.4 (P)'!L29) -> 3 | M29: =SUM('7.4 (L)'!M29,'7.4 (P)'!M29) -> 11 | N29: =SUM('7.4 (L)'!N29,'7.4 (P)'!N29) -> 13 | O29: =SUM('7.4 (L)'!O29,'7.4 (P)'!O29) -> 13 | P29: =SUM('7.4 (L)'!P29,'7.4 (P)'!P29) -> 4 | Q29: =SUM('7.4 (L)'!Q29,'7.4 (P)'!Q29) -> 4
D30: 2023 | E30: =SUM('7.4 (L)'!E30,'7.4 (P)'!E30) -> 16 | F30: =SUM('7.4 (L)'!F30,'7.4 (P)'!F30) -> 80 | G30: =SUM('7.4 (L)'!G30,'7.4 (P)'!G30) -> 73 | H30: =SUM('7.4 (L)'!H30,'7.4 (P)'!H30) -> 49 | I30: =SUM('7.4 (L)'!I30,'7.4 (P)'!I30) -> 58 | J30: =SUM('7.4 (L)'!J30,'7.4 (P)'!J30) -> 47 | L30: =SUM('7.4 (L)'!L30,'7.4 (P)'!L30) -> 2 | M30: =SUM('7.4 (L)'!M30,'7.4 (P)'!M30) -> 9 | N30: =SUM('7.4 (L)'!N30,'7.4 (P)'!N30) -> 10 | O30: =SUM('7.4 (L)'!O30,'7.4 (P)'!O30) -> 11 | P30: =SUM('7.4 (L)'!P30,'7.4 (P)'!P30) -> 5 | Q30: =SUM('7.4 (L)'!Q30,'7.4 (P)'!Q30) -> 8
B32: Melaka | D32: 2021 | E32: =SUM('7.4 (L)'!E32,'7.4 (P)'!E32) -> 10 | F32: =SUM('7.4 (L)'!F32,'7.4 (P)'!F32) -> 62 | G32: =SUM('7.4 (L)'!G32,'7.4 (P)'!G32) -> 58 | H32: =SUM('7.4 (L)'!H32,'7.4 (P)'!H32) -> 57 | I32: =SUM('7.4 (L)'!I32,'7.4 (P)'!I32) -> 41 | J32: =SUM('7.4 (L)'!J32,'7.4 (P)'!J32) -> 41 | L32: =SUM('7.4 (L)'!L32,'7.4 (P)'!L32) -> 3 | M32: =SUM('7.4 (L)'!M32,'7.4 (P)'!M32) -> 11 | N32: =SUM('7.4 (L)'!N32,'7.4 (P)'!N32) -> 8 | O32: =SUM('7.4 (L)'!O32,'7.4 (P)'!O32) -> 6 | P32: =SUM('7.4 (L)'!P32,'7.4 (P)'!P32) -> 6 | Q32: =SUM('7.4 (L)'!Q32,'7.4 (P)'!Q32) -> 4
D33: 2022 | E33: =SUM('7.4 (L)'!E33,'7.4 (P)'!E33) -> 18 | F33: =SUM('7.4 (L)'!F33,'7.4 (P)'!F33) -> 112 | G33: =SUM('7.4 (L)'!G33,'7.4 (P)'!G33) -> 90 | H33: =SUM('7.4 (L)'!H33,'7.4 (P)'!H33) -> 65 | I33: =SUM('7.4 (L)'!I33,'7.4 (P)'!I33) -> 53 | J33: =SUM('7.4 (L)'!J33,'7.4 (P)'!J33) -> 43 | L33: =SUM('7.4 (L)'!L33,'7.4 (P)'!L33) -> 3 | M33: =SUM('7.4 (L)'!M33,'7.4 (P)'!M33) -> 6 | N33: =SUM('7.4 (L)'!N33,'7.4 (P)'!N33) -> 18 | O33: =SUM('7.4 (L)'!O33,'7.4 (P)'!O33) -> 11 | P33: =SUM('7.4 (L)'!P33,'7.4 (P)'!P33) -> 12 | Q33: =SUM('7.4 (L)'!Q33,'7.4 (P)'!Q33) -> 2
D34: 2023 | E34: =SUM('7.4 (L)'!E34,'7.4 (P)'!E34) -> 33 | F34: =SUM('7.4 (L)'!F34,'7.4 (P)'!F34) -> 124 | G34: =SUM('7.4 (L)'!G34,'7.4 (P)'!G34) -> 74 | H34: =SUM('7.4 (L)'!H34,'7.4 (P)'!H34) -> 56 | I34: =SUM('7.4 (L)'!I34,'7.4 (P)'!I34) -> 53 | J34: =SUM('7.4 (L)'!J34,'7.4 (P)'!J34) -> 27 | L34: =SUM('7.4 (L)'!L34,'7.4 (P)'!L34) -> 9 | M34: =SUM('7.4 (L)'!M34,'7.4 (P)'!M34) -> 20 | N34: =SUM('7.4 (L)'!N34,'7.4 (P)'!N34) -> 17 | O34: =SUM('7.4 (L)'!O34,'7.4 (P)'!O34) -> 14 | P34: =SUM('7.4 (L)'!P34,'7.4 (P)'!P34) -> 10 | Q34: =SUM('7.4 (L)'!Q34,'7.4 (P)'!Q34) -> 7
B36: Negeri Sembilan | D36: 2021 | E36: =SUM('7.4 (L)'!E36,'7.4 (P)'!E36) -> 30 | F36: =SUM('7.4 (L)'!F36,'7.4 (P)'!F36) -> 202 | G36: =SUM('7.4 (L)'!G36,'7.4 (P)'!G36) -> 129 | H36: =SUM('7.4 (L)'!H36,'7.4 (P)'!H36) -> 93 | I36: =SUM('7.4 (L)'!I36,'7.4 (P)'!I36) -> 55 | J36: =SUM('7.4 (L)'!J36,'7.4 (P)'!J36) -> 56 | L36: =SUM('7.4 (L)'!L36,'7.4 (P)'!L36) -> 13 | M36: =SUM('7.4 (L)'!M36,'7.4 (P)'!M36) -> 39 | N36: =SUM('7.4 (L)'!N36,'7.4 (P)'!N36) -> 17 | O36: =SUM('7.4 (L)'!O36,'7.4 (P)'!O36) -> 13 | P36: =SUM('7.4 (L)'!P36,'7.4 (P)'!P36) -> 7 | Q36: =SUM('7.4 (L)'!Q36,'7.4 (P)'!Q36) -> 6
D37: 2022 | E37: =SUM('7.4 (L)'!E37,'7.4 (P)'!E37) -> 72 | F37: =SUM('7.4 (L)'!F37,'7.4 (P)'!F37) -> 294 | G37: =SUM('7.4 (L)'!G37,'7.4 (P)'!G37) -> 210 | H37: =SUM('7.4 (L)'!H37,'7.4 (P)'!H37) -> 139 | I37: =SUM('7.4 (L)'!I37,'7.4 (P)'!I37) -> 103 | J37: =SUM('7.4 (L)'!J37,'7.4 (P)'!J37) -> 65 | L37: =SUM('7.4 (L)'!L37,'7.4 (P)'!L37) -> 15 | M37: =SUM('7.4 (L)'!M37,'7.4 (P)'!M37) -> 23 | N37: =SUM('7.4 (L)'!N37,'7.4 (P)'!N37) -> 43 | O37: =SUM('7.4 (L)'!O37,'7.4 (P)'!O37) -> 30 | P37: =SUM('7.4 (L)'!P37,'7.4 (P)'!P37) -> 14 | Q37: =SUM('7.4 (L)'!Q37,'7.4 (P)'!Q37) -> 8
D38: 2023 | E38: =SUM('7.4 (L)'!E38,'7.4 (P)'!E38) -> 54 | F38: =SUM('7.4 (L)'!F38,'7.4 (P)'!F38) -> 230 | G38: =SUM('7.4 (L)'!G38,'7.4 (P)'!G38) -> 139 | H38: =SUM('7.4 (L)'!H38,'7.4 (P)'!H38) -> 113 | I38: =SUM('7.4 (L)'!I38,'7.4 (P)'!I38) -> 97 | J38: =SUM('7.4 (L)'!J38,'7.4 (P)'!J38) -> 75 | L38: =SUM('7.4 (L)'!L38,'7.4 (P)'!L38) -> 14 | M38: =SUM('7.4 (L)'!M38,'7.4 (P)'!M38) -> 41 | N38: =SUM('7.4 (L)'!N38,'7.4 (P)'!N38) -> 32 | O38: =SUM('7.4 (L)'!O38,'7.4 (P)'!O38) -> 33 | P38: =SUM('7.4 (L)'!P38,'7.4 (P)'!P38) -> 20 | Q38: =SUM('7.4 (L)'!Q38,'7.4 (P)'!Q38) -> 16
B40: Pahang | D40: 2021 | E40: =SUM('7.4 (L)'!E40,'7.4 (P)'!E40) -> 18 | F40: =SUM('7.4 (L)'!F40,'7.4 (P)'!F40) -> 84 | G40: =SUM('7.4 (L)'!G40,'7.4 (P)'!G40) -> 62 | H40: =SUM('7.4 (L)'!H40,'7.4 (P)'!H40) -> 49 | I40: =SUM('7.4 (L)'!I40,'7.4 (P)'!I40) -> 41 | J40: =SUM('7.4 (L)'!J40,'7.4 (P)'!J40) -> 31 | L40: =SUM('7.4 (L)'!L40,'7.4 (P)'!L40) -> 4 | M40: =SUM('7.4 (L)'!M40,'7.4 (P)'!M40) -> 5 | N40: =SUM('7.4 (L)'!N40,'7.4 (P)'!N40) -> 7 | O40: =SUM('7.4 (L)'!O40,'7.4 (P)'!O40) -> 6 | P40: =SUM('7.4 (L)'!P40,'7.4 (P)'!P40) -> 6 | Q40: =SUM('7.4 (L)'!Q40,'7.4 (P)'!Q40) -> 5
D41: 2022 | E41: =SUM('7.4 (L)'!E41,'7.4 (P)'!E41) -> 15 | F41: =SUM('7.4 (L)'!F41,'7.4 (P)'!F41) -> 152 | G41: =SUM('7.4 (L)'!G41,'7.4 (P)'!G41) -> 124 | H41: =SUM('7.4 (L)'!H41,'7.4 (P)'!H41) -> 86 | I41: =SUM('7.4 (L)'!I41,'7.4 (P)'!I41) -> 66 | J41: =SUM('7.4 (L)'!J41,'7.4 (P)'!J41) -> 51 | L41: =SUM('7.4 (L)'!L41,'7.4 (P)'!L41) -> 2 | M41: =SUM('7.4 (L)'!M41,'7.4 (P)'!M41) -> 11 | N41: =SUM('7.4 (L)'!N41,'7.4 (P)'!N41) -> 13 | O41: =SUM('7.4 (L)'!O41,'7.4 (P)'!O41) -> 7 | P41: =SUM('7.4 (L)'!P41,'7.4 (P)'!P41) -> 12 | Q41: =SUM('7.4 (L)'!Q41,'7.4 (P)'!Q41) -> 3
D42: 2023 | E42: =SUM('7.4 (L)'!E42,'7.4 (P)'!E42) -> 49 | F42: =SUM('7.4 (L)'!F42,'7.4 (P)'!F42) -> 156 | G42: =SUM('7.4 (L)'!G42,'7.4 (P)'!G42) -> 125 | H42: =SUM('7.4 (L)'!H42,'7.4 (P)'!H42) -> 95 | I42: =SUM('7.4 (L)'!I42,'7.4 (P)'!I42) -> 74 | J42: =SUM('7.4 (L)'!J42,'7.4 (P)'!J42) -> 63 | L42: =SUM('7.4 (L)'!L42,'7.4 (P)'!L42) -> 3 | M42: =SUM('7.4 (L)'!M42,'7.4 (P)'!M42) -> 18 | N42: =SUM('7.4 (L)'!N42,'7.4 (P)'!N42) -> 32 | O42: =SUM('7.4 (L)'!O42,'7.4 (P)'!O42) -> 17 | P42: =SUM('7.4 (L)'!P42,'7.4 (P)'!P42) -> 13 | Q42: =SUM('7.4 (L)'!Q42,'7.4 (P)'!Q42) -> 4
B44: Pulau Pinang | D44: 2021 | E44: =SUM('7.4 (L)'!E44,'7.4 (P)'!E44) -> 54 | F44: =SUM('7.4 (L)'!F44,'7.4 (P)'!F44) -> 254 | G44: =SUM('7.4 (L)'!G44,'7.4 (P)'!G44) -> 191 | H44: =SUM('7.4 (L)'!H44,'7.4 (P)'!H44) -> 127 | I44: =SUM('7.4 (L)'!I44,'7.4 (P)'!I44) -> 113 | J44: =SUM('7.4 (L)'!J44,'7.4 (P)'!J44) -> 90 | L44: =SUM('7.4 (L)'!L44,'7.4 (P)'!L44) -> 7 | M44: =SUM('7.4 (L)'!M44,'7.4 (P)'!M44) -> 18 | N44: =SUM('7.4 (L)'!N44,'7.4 (P)'!N44) -> 12 | O44: =SUM('7.4 (L)'!O44,'7.4 (P)'!O44) -> 16 | P44: =SUM('7.4 (L)'!P44,'7.4 (P)'!P44) -> 10 | Q44: =SUM('7.4 (L)'!Q44,'7.4 (P)'!Q44) -> 3
D45: 2022 | E45: =SUM('7.4 (L)'!E45,'7.4 (P)'!E45) -> 31 | F45: =SUM('7.4 (L)'!F45,'7.4 (P)'!F45) -> 228 | G45: =SUM('7.4 (L)'!G45,'7.4 (P)'!G45) -> 156 | H45: =SUM('7.4 (L)'!H45,'7.4 (P)'!H45) -> 128 | I45: =SUM('7.4 (L)'!I45,'7.4 (P)'!I45) -> 108 | J45: =SUM('7.4 (L)'!J45,'7.4 (P)'!J45) -> 67 | L45: =SUM('7.4 (L)'!L45,'7.4 (P)'!L45) -> 5 | M45: =SUM('7.4 (L)'!M45,'7.4 (P)'!M45) -> 19 | N45: =SUM('7.4 (L)'!N45,'7.4 (P)'!N45) -> 26 | O45: =SUM('7.4 (L)'!O45,'7.4 (P)'!O45) -> 23 | P45: =SUM('7.4 (L)'!P45,'7.4 (P)'!P45) -> 14 | Q45: =SUM('7.4 (L)'!Q45,'7.4 (P)'!Q45) -> 6
D46: 2023 | E46: =SUM('7.4 (L)'!E46,'7.4 (P)'!E46) -> 56 | F46: =SUM('7.4 (L)'!F46,'7.4 (P)'!F46) -> 314 | G46: =SUM('7.4 (L)'!G46,'7.4 (P)'!G46) -> 193 | H46: =SUM('7.4 (L)'!H46,'7.4 (P)'!H46) -> 173 | I46: =SUM('7.4 (L)'!I46,'7.4 (P)'!I46) -> 115 | J46: =SUM('7.4 (L)'!J46,'7.4 (P)'!J46) -> 98 | L46: =SUM('7.4 (L)'!L46,'7.4 (P)'!L46) -> 6 | M46: =SUM('7.4 (L)'!M46,'7.4 (P)'!M46) -> 20 | N46: =SUM('7.4 (L)'!N46,'7.4 (P)'!N46) -> 30 | O46: =SUM('7.4 (L)'!O46,'7.4 (P)'!O46) -> 47 | P46: =SUM('7.4 (L)'!P46,'7.4 (P)'!P46) -> 20 | Q46: =SUM('7.4 (L)'!Q46,'7.4 (P)'!Q46) -> 11
B48: Perak | D48: 2021 | E48: =SUM('7.4 (L)'!E48,'7.4 (P)'!E48) -> 24 | F48: =SUM('7.4 (L)'!F48,'7.4 (P)'!F48) -> 120 | G48: =SUM('7.4 (L)'!G48,'7.4 (P)'!G48) -> 81 | H48: =SUM('7.4 (L)'!H48,'7.4 (P)'!H48) -> 57 | I48: =SUM('7.4 (L)'!I48,'7.4 (P)'!I48) -> 73 | J48: =SUM('7.4 (L)'!J48,'7.4 (P)'!J48) -> 77 | L48: =SUM('7.4 (L)'!L48,'7.4 (P)'!L48) -> 0 | M48: =SUM('7.4 (L)'!M48,'7.4 (P)'!M48) -> 15 | N48: =SUM('7.4 (L)'!N48,'7.4 (P)'!N48) -> 12 | O48: =SUM('7.4 (L)'!O48,'7.4 (P)'!O48) -> 4 | P48: =SUM('7.4 (L)'!P48,'7.4 (P)'!P48) -> 8 | Q48: =SUM('7.4 (L)'!Q48,'7.4 (P)'!Q48) -> 4
D49: 2022 | E49: =SUM('7.4 (L)'!E49,'7.4 (P)'!E49) -> 38 | F49: =SUM('7.4 (L)'!F49,'7.4 (P)'!F49) -> 129 | G49: =SUM('7.4 (L)'!G49,'7.4 (P)'!G49) -> 126 | H49: =SUM('7.4 (L)'!H49,'7.4 (P)'!H49) -> 106 | I49: =SUM('7.4 (L)'!I49,'7.4 (P)'!I49) -> 73 | J49: =SUM('7.4 (L)'!J49,'7.4 (P)'!J49) -> 63 | L49: =SUM('7.4 (L)'!L49,'7.4 (P)'!L49) -> 3 | M49: =SUM('7.4 (L)'!M49,'7.4 (P)'!M49) -> 14 | N49: =SUM('7.4 (L)'!N49,'7.4 (P)'!N49) -> 11 | O49: =SUM('7.4 (L)'!O49,'7.4 (P)'!O49) -> 17 | P49: =SUM('7.4 (L)'!P49,'7.4 (P)'!P49) -> 9 | Q49: =SUM('7.4 (L)'!Q49,'7.4 (P)'!Q49) -> 8
D50: 2023 | E50: =SUM('7.4 (L)'!E50,'7.4 (P)'!E50) -> 76 | F50: =SUM('7.4 (L)'!F50,'7.4 (P)'!F50) -> 190 | G50: =SUM('7.4 (L)'!G50,'7.4 (P)'!G50) -> 137 | H50: =SUM('7.4 (L)'!H50,'7.4 (P)'!H50) -> 126 | I50: =SUM('7.4 (L)'!I50,'7.4 (P)'!I50) -> 113 | J50: =SUM('7.4 (L)'!J50,'7.4 (P)'!J50) -> 91 | L50: =SUM('7.4 (L)'!L50,'7.4 (P)'!L50) -> 6 | M50: =SUM('7.4 (L)'!M50,'7.4 (P)'!M50) -> 37 | N50: =SUM('7.4 (L)'!N50,'7.4 (P)'!N50) -> 35 | O50: =SUM('7.4 (L)'!O50,'7.4 (P)'!O50) -> 23 | P50: =SUM('7.4 (L)'!P50,'7.4 (P)'!P50) -> 25 | Q50: =SUM('7.4 (L)'!Q50,'7.4 (P)'!Q50) -> 18
B52: Perlis | D52: 2021 | E52: =SUM('7.4 (L)'!E52,'7.4 (P)'!E52) -> 5 | F52: =SUM('7.4 (L)'!F52,'7.4 (P)'!F52) -> 27 | G52: =SUM('7.4 (L)'!G52,'7.4 (P)'!G52) -> 18 | H52: =SUM('7.4 (L)'!H52,'7.4 (P)'!H52) -> 13 | I52: =SUM('7.4 (L)'!I52,'7.4 (P)'!I52) -> 8 | J52: =SUM('7.4 (L)'!J52,'7.4 (P)'!J52) -> 6 | L52: =SUM('7.4 (L)'!L52,'7.4 (P)'!L52) -> 0 | M52: =SUM('7.4 (L)'!M52,'7.4 (P)'!M52) -> 3 | N52: =SUM('7.4 (L)'!N52,'7.4 (P)'!N52) -> 4 | O52: =SUM('7.4 (L)'!O52,'7.4 (P)'!O52) -> 2 | P52: =SUM('7.4 (L)'!P52,'7.4 (P)'!P52) -> 2 | Q52: =SUM('7.4 (L)'!Q52,'7.4 (P)'!Q52) -> 2
D53: 2022 | E53: =SUM('7.4 (L)'!E53,'7.4 (P)'!E53) -> 17 | F53: =SUM('7.4 (L)'!F53,'7.4 (P)'!F53) -> 35 | G53: =SUM('7.4 (L)'!G53,'7.4 (P)'!G53) -> 26 | H53: =SUM('7.4 (L)'!H53,'7.4 (P)'!H53) -> 11 | I53: =SUM('7.4 (L)'!I53,'7.4 (P)'!I53) -> 15 | J53: =SUM('7.4 (L)'!J53,'7.4 (P)'!J53) -> 6 | L53: =SUM('7.4 (L)'!L53,'7.4 (P)'!L53) -> 4 | M53: =SUM('7.4 (L)'!M53,'7.4 (P)'!M53) -> 6 | N53: =SUM('7.4 (L)'!N53,'7.4 (P)'!N53) -> 7 | O53: =SUM('7.4 (L)'!O53,'7.4 (P)'!O53) -> 5 | P53: =SUM('7.4 (L)'!P53,'7.4 (P)'!P53) -> 3 | Q53: =SUM('7.4 (L)'!Q53,'7.4 (P)'!Q53) -> 4
D54: 2023 | E54: =SUM('7.4 (L)'!E54,'7.4 (P)'!E54) -> 20 | F54: =SUM('7.4 (L)'!F54,'7.4 (P)'!F54) -> 57 | G54: =SUM('7.4 (L)'!G54,'7.4 (P)'!G54) -> 24 | H54: =SUM('7.4 (L)'!H54,'7.4 (P)'!H54) -> 13 | I54: =SUM('7.4 (L)'!I54,'7.4 (P)'!I54) -> 13 | J54: =SUM('7.4 (L)'!J54,'7.4 (P)'!J54) -> 12 | L54: =SUM('7.4 (L)'!L54,'7.4 (P)'!L54) -> 1 | M54: =SUM('7.4 (L)'!M54,'7.4 (P)'!M54) -> 4 | N54: =SUM('7.4 (L)'!N54,'7.4 (P)'!N54) -> 5 | O54: =SUM('7.4 (L)'!O54,'7.4 (P)'!O54) -> 3 | P54: =SUM('7.4 (L)'!P54,'7.4 (P)'!P54) -> 2 | Q54: =SUM('7.4 (L)'!Q54,'7.4 (P)'!Q54) -> 2
B56: Selangor | D56: 2021 | E56: =SUM('7.4 (L)'!E56,'7.4 (P)'!E56) -> 29 | F56: =SUM('7.4 (L)'!F56,'7.4 (P)'!F56) -> 236 | G56: =SUM('7.4 (L)'!G56,'7.4 (P)'!G56) -> 189 | H56: =SUM('7.4 (L)'!H56,'7.4 (P)'!H56) -> 140 | I56: =SUM('7.4 (L)'!I56,'7.4 (P)'!I56) -> 114 | J56: =SUM('7.4 (L)'!J56,'7.4 (P)'!J56) -> 112 | L56: =SUM('7.4 (L)'!L56,'7.4 (P)'!L56) -> 5 | M56: =SUM('7.4 (L)'!M56,'7.4 (P)'!M56) -> 17 | N56: =SUM('7.4 (L)'!N56,'7.4 (P)'!N56) -> 22 | O56: =SUM('7.4 (L)'!O56,'7.4 (P)'!O56) -> 19 | P56: =SUM('7.4 (L)'!P56,'7.4 (P)'!P56) -> 17 | Q56: =SUM('7.4 (L)'!Q56,'7.4 (P)'!Q56) -> 5
D57: 2022 | E57: =SUM('7.4 (L)'!E57,'7.4 (P)'!E57) -> 29 | F57: =SUM('7.4 (L)'!F57,'7.4 (P)'!F57) -> 234 | G57: =SUM('7.4 (L)'!G57,'7.4 (P)'!G57) -> 185 | H57: =SUM('7.4 (L)'!H57,'7.4 (P)'!H57) -> 149 | I57: =SUM('7.4 (L)'!I57,'7.4 (P)'!I57) -> 123 | J57: =SUM('7.4 (L)'!J57,'7.4 (P)'!J57) -> 79 | L57: =SUM('7.4 (L)'!L57,'7.4 (P)'!L57) -> 4 | M57: =SUM('7.4 (L)'!M57,'7.4 (P)'!M57) -> 20 | N57: =SUM('7.4 (L)'!N57,'7.4 (P)'!N57) -> 36 | O57: =SUM('7.4 (L)'!O57,'7.4 (P)'!O57) -> 39 | P57: =SUM('7.4 (L)'!P57,'7.4 (P)'!P57) -> 19 | Q57: =SUM('7.4 (L)'!Q57,'7.4 (P)'!Q57) -> 9
D58: 2023 | E58: =SUM('7.4 (L)'!E58,'7.4 (P)'!E58) -> 107 | F58: =SUM('7.4 (L)'!F58,'7.4 (P)'!F58) -> 681 | G58: =SUM('7.4 (L)'!G58,'7.4 (P)'!G58) -> 442 | H58: =SUM('7.4 (L)'!H58,'7.4 (P)'!H58) -> 320 | I58: =SUM('7.4 (L)'!I58,'7.4 (P)'!I58) -> 221 | J58: =SUM('7.4 (L)'!J58,'7.4 (P)'!J58) -> 200 | L58: =SUM('7.4 (L)'!L58,'7.4 (P)'!L58) -> 11 | M58: =SUM('7.4 (L)'!M58,'7.4 (P)'!M58) -> 78 | N58: =SUM('7.4 (L)'!N58,'7.4 (P)'!N58) -> 100 | O58: =SUM('7.4 (L)'!O58,'7.4 (P)'!O58) -> 91 | P58: =SUM('7.4 (L)'!P58,'7.4 (P)'!P58) -> 51 | Q58: =SUM('7.4 (L)'!Q58,'7.4 (P)'!Q58) -> 28
B60: Terengganu | D60: 2021 | E60: =SUM('7.4 (L)'!E60,'7.4 (P)'!E60) -> 11 | F60: =SUM('7.4 (L)'!F60,'7.4 (P)'!F60) -> 74 | G60: =SUM('7.4 (L)'!G60,'7.4 (P)'!G60) -> 38 | H60: =SUM('7.4 (L)'!H60,'7.4 (P)'!H60) -> 28 | I60: =SUM('7.4 (L)'!I60,'7.4 (P)'!I60) -> 28 | J60: =SUM('7.4 (L)'!J60,'7.4 (P)'!J60) -> 9 | L60: =SUM('7.4 (L)'!L60,'7.4 (P)'!L60) -> 9 | M60: =SUM('7.4 (L)'!M60,'7.4 (P)'!M60) -> 26 | N60: =SUM('7.4 (L)'!N60,'7.4 (P)'!N60) -> 10 | O60: =SUM('7.4 (L)'!O60,'7.4 (P)'!O60) -> 12 | P60: =SUM('7.4 (L)'!P60,'7.4 (P)'!P60) -> 9 | Q60: =SUM('7.4 (L)'!Q60,'7.4 (P)'!Q60) -> 4
D61: 2022 | E61: =SUM('7.4 (L)'!E61,'7.4 (P)'!E61) -> 20 | F61: =SUM('7.4 (L)'!F61,'7.4 (P)'!F61) -> 111 | G61: =SUM('7.4 (L)'!G61,'7.4 (P)'!G61) -> 93 | H61: =SUM('7.4 (L)'!H61,'7.4 (P)'!H61) -> 50 | I61: =SUM('7.4 (L)'!I61,'7.4 (P)'!I61) -> 41 | J61: =SUM('7.4 (L)'!J61,'7.4 (P)'!J61) -> 30 | L61: =SUM('7.4 (L)'!L61,'7.4 (P)'!L61) -> 6 | M61: =SUM('7.4 (L)'!M61,'7.4 (P)'!M61) -> 23 | N61: =SUM('7.4 (L)'!N61,'7.4 (P)'!N61) -> 23 | O61: =SUM('7.4 (L)'!O61,'7.4 (P)'!O61) -> 15 | P61: =SUM('7.4 (L)'!P61,'7.4 (P)'!P61) -> 14 | Q61: =SUM('7.4 (L)'!Q61,'7.4 (P)'!Q61) -> 8
D62: 2023 | E62: =SUM('7.4 (L)'!E62,'7.4 (P)'!E62) -> 30 | F62: =SUM('7.4 (L)'!F62,'7.4 (P)'!F62) -> 108 | G62: =SUM('7.4 (L)'!G62,'7.4 (P)'!G62) -> 83 | H62: =SUM('7.4 (L)'!H62,'7.4 (P)'!H62) -> 55 | I62: =SUM('7.4 (L)'!I62,'7.4 (P)'!I62) -> 51 | J62: =SUM('7.4 (L)'!J62,'7.4 (P)'!J62) -> 30 | L62: =SUM('7.4 (L)'!L62,'7.4 (P)'!L62) -> 10 | M62: =SUM('7.4 (L)'!M62,'7.4 (P)'!M62) -> 23 | N62: =SUM('7.4 (L)'!N62,'7.4 (P)'!N62) -> 22 | O62: =SUM('7.4 (L)'!O62,'7.4 (P)'!O62) -> 14 | P62: =SUM('7.4 (L)'!P62,'7.4 (P)'!P62) -> 15 | Q62: =SUM('7.4 (L)'!Q62,'7.4 (P)'!Q62) -> 8
B64: Sabah | D64: 2021 | E64: =SUM('7.4 (L)'!E64,'7.4 (P)'!E64) -> 15 | F64: =SUM('7.4 (L)'!F64,'7.4 (P)'!F64) -> 67 | G64: =SUM('7.4 (L)'!G64,'7.4 (P)'!G64) -> 67 | H64: =SUM('7.4 (L)'!H64,'7.4 (P)'!H64) -> 54 | I64: =SUM('7.4 (L)'!I64,'7.4 (P)'!I64) -> 35 | J64: =SUM('7.4 (L)'!J64,'7.4 (P)'!J64) -> 43 | L64: =SUM('7.4 (L)'!L64,'7.4 (P)'!L64) -> 3 | M64: =SUM('7.4 (L)'!M64,'7.4 (P)'!M64) -> 9 | N64: =SUM('7.4 (L)'!N64,'7.4 (P)'!N64) -> 7 | O64: =SUM('7.4 (L)'!O64,'7.4 (P)'!O64) -> 10 | P64: =SUM('7.4 (L)'!P64,'7.4 (P)'!P64) -> 11 | Q64: =SUM('7.4 (L)'!Q64,'7.4 (P)'!Q64) -> 5
D65: 2022 | E65: =SUM('7.4 (L)'!E65,'7.4 (P)'!E65) -> 6 | F65: =SUM('7.4 (L)'!F65,'7.4 (P)'!F65) -> 105 | G65: =SUM('7.4 (L)'!G65,'7.4 (P)'!G65) -> 121 | H65: =SUM('7.4 (L)'!H65,'7.4 (P)'!H65) -> 77 | I65: =SUM('7.4 (L)'!I65,'7.4 (P)'!I65) -> 70 | J65: =SUM('7.4 (L)'!J65,'7.4 (P)'!J65) -> 42 | L65: =SUM('7.4 (L)'!L65,'7.4 (P)'!L65) -> 1 | M65: =SUM('7.4 (L)'!M65,'7.4 (P)'!M65) -> 8 | N65: =SUM('7.4 (L)'!N65,'7.4 (P)'!N65) -> 15 | O65: =SUM('7.4 (L)'!O65,'7.4 (P)'!O65) -> 11 | P65: =SUM('7.4 (L)'!P65,'7.4 (P)'!P65) -> 8 | Q65: =SUM('7.4 (L)'!Q65,'7.4 (P)'!Q65) -> 5
D66: 2023 | E66: =SUM('7.4 (L)'!E66,'7.4 (P)'!E66) -> 22 | F66: =SUM('7.4 (L)'!F66,'7.4 (P)'!F66) -> 154 | G66: =SUM('7.4 (L)'!G66,'7.4 (P)'!G66) -> 144 | H66: =SUM('7.4 (L)'!H66,'7.4 (P)'!H66) -> 100 | I66: =SUM('7.4 (L)'!I66,'7.4 (P)'!I66) -> 92 | J66: =SUM('7.4 (L)'!J66,'7.4 (P)'!J66) -> 43 | L66: =SUM('7.4 (L)'!L66,'7.4 (P)'!L66) -> 5 | M66: =SUM('7.4 (L)'!M66,'7.4 (P)'!M66) -> 21 | N66: =SUM('7.4 (L)'!N66,'7.4 (P)'!N66) -> 25 | O66: =SUM('7.4 (L)'!O66,'7.4 (P)'!O66) -> 27 | P66: =SUM('7.4 (L)'!P66,'7.4 (P)'!P66) -> 14 | Q66: =SUM('7.4 (L)'!Q66,'7.4 (P)'!Q66) -> 8
B68: Sarawak | D68: 2021 | E68: =SUM('7.4 (L)'!E68,'7.4 (P)'!E68) -> 32 | F68: =SUM('7.4 (L)'!F68,'7.4 (P)'!F68) -> 141 | G68: =SUM('7.4 (L)'!G68,'7.4 (P)'!G68) -> 107 | H68: =SUM('7.4 (L)'!H68,'7.4 (P)'!H68) -> 96 | I68: =SUM('7.4 (L)'!I68,'7.4 (P)'!I68) -> 64 | J68: =SUM('7.4 (L)'!J68,'7.4 (P)'!J68) -> 59 | L68: =SUM('7.4 (L)'!L68,'7.4 (P)'!L68) -> 9 | M68: =SUM('7.4 (L)'!M68,'7.4 (P)'!M68) -> 54 | N68: =SUM('7.4 (L)'!N68,'7.4 (P)'!N68) -> 45 | O68: =SUM('7.4 (L)'!O68,'7.4 (P)'!O68) -> 36 | P68: =SUM('7.4 (L)'!P68,'7.4 (P)'!P68) -> 31 | Q68: =SUM('7.4 (L)'!Q68,'7.4 (P)'!Q68) -> 16
D69: 2022 | E69: =SUM('7.4 (L)'!E69,'7.4 (P)'!E69) -> 21 | F69: =SUM('7.4 (L)'!F69,'7.4 (P)'!F69) -> 158 | G69: =SUM('7.4 (L)'!G69,'7.4 (P)'!G69) -> 96 | H69: =SUM('7.4 (L)'!H69,'7.4 (P)'!H69) -> 105 | I69: =SUM('7.4 (L)'!I69,'7.4 (P)'!I69) -> 69 | J69: =SUM('7.4 (L)'!J69,'7.4 (P)'!J69) -> 54 | L69: =SUM('7.4 (L)'!L69,'7.4 (P)'!L69) -> 11 | M69: =SUM('7.4 (L)'!M69,'7.4 (P)'!M69) -> 40 | N69: =SUM('7.4 (L)'!N69,'7.4 (P)'!N69) -> 44 | O69: =SUM('7.4 (L)'!O69,'7.4 (P)'!O69) -> 49 | P69: =SUM('7.4 (L)'!P69,'7.4 (P)'!P69) -> 32 | Q69: =SUM('7.4 (L)'!Q69,'7.4 (P)'!Q69) -> 16
D70: 2023 | E70: =SUM('7.4 (L)'!E70,'7.4 (P)'!E70) -> 31 | F70: =SUM('7.4 (L)'!F70,'7.4 (P)'!F70) -> 172 | G70: =SUM('7.4 (L)'!G70,'7.4 (P)'!G70) -> 118 | H70: =SUM('7.4 (L)'!H70,'7.4 (P)'!H70) -> 110 | I70: =SUM('7.4 (L)'!I70,'7.4 (P)'!I70) -> 77 | J70: =SUM('7.4 (L)'!J70,'7.4 (P)'!J70) -> 78 | L70: =SUM('7.4 (L)'!L70,'7.4 (P)'!L70) -> 7 | M70: =SUM('7.4 (L)'!M70,'7.4 (P)'!M70) -> 60 | N70: =SUM('7.4 (L)'!N70,'7.4 (P)'!N70) -> 52 | O70: =SUM('7.4 (L)'!O70,'7.4 (P)'!O70) -> 34 | P70: =SUM('7.4 (L)'!P70,'7.4 (P)'!P70) -> 29 | Q70: =SUM('7.4 (L)'!Q70,'7.4 (P)'!Q70) -> 22
B72: W.P. Kuala Lumpur | D72: 2021 | E72: =SUM('7.4 (L)'!E72,'7.4 (P)'!E72) -> 30 | F72: =SUM('7.4 (L)'!F72,'7.4 (P)'!F72) -> 315 | G72: =SUM('7.4 (L)'!G72,'7.4 (P)'!G72) -> 283 | H72: =SUM('7.4 (L)'!H72,'7.4 (P)'!H72) -> 158 | I72: =SUM('7.4 (L)'!I72,'7.4 (P)'!I72) -> 142 | J72: =SUM('7.4 (L)'!J72,'7.4 (P)'!J72) -> 100 | L72: =SUM('7.4 (L)'!L72,'7.4 (P)'!L72) -> 3 | M72: =SUM('7.4 (L)'!M72,'7.4 (P)'!M72) -> 19 | N72: =SUM('7.4 (L)'!N72,'7.4 (P)'!N72) -> 24 | O72: =SUM('7.4 (L)'!O72,'7.4 (P)'!O72) -> 18 | P72: =SUM('7.4 (L)'!P72,'7.4 (P)'!P72) -> 12 | Q72: =SUM('7.4 (L)'!Q72,'7.4 (P)'!Q72) -> 6
D73: 2022 | E73: =SUM('7.4 (L)'!E73,'7.4 (P)'!E73) -> 41 | F73: =SUM('7.4 (L)'!F73,'7.4 (P)'!F73) -> 353 | G73: =SUM('7.4 (L)'!G73,'7.4 (P)'!G73) -> 312 | H73: =SUM('7.4 (L)'!H73,'7.4 (P)'!H73) -> 164 | I73: =SUM('7.4 (L)'!I73,'7.4 (P)'!I73) -> 108 | J73: =SUM('7.4 (L)'!J73,'7.4 (P)'!J73) -> 116 | L73: =SUM('7.4 (L)'!L73,'7.4 (P)'!L73) -> 4 | M73: =SUM('7.4 (L)'!M73,'7.4 (P)'!M73) -> 30 | N73: =SUM('7.4 (L)'!N73,'7.4 (P)'!N73) -> 41 | O73: =SUM('7.4 (L)'!O73,'7.4 (P)'!O73) -> 45 | P73: =SUM('7.4 (L)'!P73,'7.4 (P)'!P73) -> 19 | Q73: =SUM('7.4 (L)'!Q73,'7.4 (P)'!Q73) -> 13
D74: 2023 | E74: =SUM('7.4 (L)'!E74,'7.4 (P)'!E74) -> 70 | F74: =SUM('7.4 (L)'!F74,'7.4 (P)'!F74) -> 488 | G74: =SUM('7.4 (L)'!G74,'7.4 (P)'!G74) -> 404 | H74: =SUM('7.4 (L)'!H74,'7.4 (P)'!H74) -> 245 | I74: =SUM('7.4 (L)'!I74,'7.4 (P)'!I74) -> 150 | J74: =SUM('7.4 (L)'!J74,'7.4 (P)'!J74) -> 134 | L74: =SUM('7.4 (L)'!L74,'7.4 (P)'!L74) -> 11 | M74: =SUM('7.4 (L)'!M74,'7.4 (P)'!M74) -> 51 | N74: =SUM('7.4 (L)'!N74,'7.4 (P)'!N74) -> 47 | O74: =SUM('7.4 (L)'!O74,'7.4 (P)'!O74) -> 37 | P74: =SUM('7.4 (L)'!P74,'7.4 (P)'!P74) -> 29 | Q74: =SUM('7.4 (L)'!Q74,'7.4 (P)'!Q74) -> 49
R76: Sumber: Polis Diraja Malaysia
R77: Source: Royal Malaysia Police

Sheet 7.3 (samb2)
R2: JENAYAH KOMERSIAL
R3: COMMERCIAL CRIMES
B5: Jadual 7.3 | C5: : Statistik mangsa jenayah dalam talian mengikut negeri dan kumpulan umur, Malaysia, 2021–2023 (samb.)
B6: Table 7.3 | C6: : Statistics of victims for online crime by state and age group, Malaysia, 2021–2023 (cont'd)
B10: Negeri | D10: Tahun | E10: Love scam | L10: E-dagang
B11: State | D11: Year | L11: e-Commerce
E13: 15-20 | F13: 21-30 | G13: 31-40 | H13: 41-50 | I13: 51-60 | J13: ≥61 | L13: 15-20 | M13: 21-30 | N13: 31-40 | O13: 41-50 | P13: 51-60 | Q13: ≥61
B16: MALAYSIA | D16: 2021 | E16: =SUM('7.4 (L) (2)'!E16,'7.4 (P) (2)'!E16) -> 60 | F16: =SUM('7.4 (L) (2)'!F16,'7.4 (P) (2)'!F16) -> 337 | G16: =SUM('7.4 (L) (2)'!G16,'7.4 (P) (2)'!G16) -> 390 | H16: =SUM('7.4 (L) (2)'!H16,'7.4 (P) (2)'!H16) -> 318 | I16: =SUM('7.4 (L) (2)'!I16,'7.4 (P) (2)'!I16) -> 216 | J16: =SUM('7.4 (L) (2)'!J16,'7.4 (P) (2)'!J16) -> 139 | L16: =SUM('7.4 (L) (2)'!L16,'7.4 (P) (2)'!L16) -> 1182 | M16: =SUM('7.4 (L) (2)'!M16,'7.4 (P) (2)'!M16) -> 3777 | N16: =SUM('7.4 (L) (2)'!N16,'7.4 (P) (2)'!N16) -> 2372 | O16: =SUM('7.4 (L) (2)'!O16,'7.4 (P) (2)'!O16) -> 1481 | P16: =SUM('7.4 (L) (2)'!P16,'7.4 (P) (2)'!P16) -> 566 | Q16: =SUM('7.4 (L) (2)'!Q16,'7.4 (P) (2)'!Q16) -> 121
D17: 2022 | E17: =SUM('7.4 (L) (2)'!E17,'7.4 (P) (2)'!E17) -> 26 | F17: =SUM('7.4 (L) (2)'!F17,'7.4 (P) (2)'!F17) -> 211 | G17: =SUM('7.4 (L) (2)'!G17,'7.4 (P) (2)'!G17) -> 154 | H17: =SUM('7.4 (L) (2)'!H17,'7.4 (P) (2)'!H17) -> 181 | I17: =SUM('7.4 (L) (2)'!I17,'7.4 (P) (2)'!I17) -> 124 | J17: =SUM('7.4 (L) (2)'!J17,'7.4 (P) (2)'!J17) -> 96 | L17: =SUM('7.4 (L) (2)'!L17,'7.4 (P) (2)'!L17) -> 911 | M17: =SUM('7.4 (L) (2)'!M17,'7.4 (P) (2)'!M17) -> 3599 | N17: =SUM('7.4 (L) (2)'!N17,'7.4 (P) (2)'!N17) -> 2547 | O17: =SUM('7.4 (L) (2)'!O17,'7.4 (P) (2)'!O17) -> 1457 | P17: =SUM('7.4 (L) (2)'!P17,'7.4 (P) (2)'!P17) -> 603 | Q17: =SUM('7.4 (L) (2)'!Q17,'7.4 (P) (2)'!Q17) -> 141
D18: 2023 | E18: =SUM('7.4 (L) (2)'!E18,'7.4 (P) (2)'!E18) -> 32 | F18: =SUM('7.4 (L) (2)'!F18,'7.4 (P) (2)'!F18) -> 178 | G18: =SUM('7.4 (L) (2)'!G18,'7.4 (P) (2)'!G18) -> 199 | H18: =SUM('7.4 (L) (2)'!H18,'7.4 (P) (2)'!H18) -> 227 | I18: =SUM('7.4 (L) (2)'!I18,'7.4 (P) (2)'!I18) -> 151 | J18: =SUM('7.4 (L) (2)'!J18,'7.4 (P) (2)'!J18) -> 148 | L18: =SUM('7.4 (L) (2)'!L18,'7.4 (P) (2)'!L18) -> 964 | M18: =SUM('7.4 (L) (2)'!M18,'7.4 (P) (2)'!M18) -> 4092 | N18: =SUM('7.4 (L) (2)'!N18,'7.4 (P) (2)'!N18) -> 3172 | O18: =SUM('7.4 (L) (2)'!O18,'7.4 (P) (2)'!O18) -> 1995 | P18: =SUM('7.4 (L) (2)'!P18,'7.4 (P) (2)'!P18) -> 953 | Q18: =SUM('7.4 (L) (2)'!Q18,'7.4 (P) (2)'!Q18) -> 297
B20: Johor | D20: 2021 | E20: =SUM('7.4 (L) (2)'!E20,'7.4 (P) (2)'!E20) -> 4 | F20: =SUM('7.4 (L) (2)'!F20,'7.4 (P) (2)'!F20) -> 21 | G20: =SUM('7.4 (L) (2)'!G20,'7.4 (P) (2)'!G20) -> 32 | H20: =SUM('7.4 (L) (2)'!H20,'7.4 (P) (2)'!H20) -> 28 | I20: =SUM('7.4 (L) (2)'!I20,'7.4 (P) (2)'!I20) -> 21 | J20: =SUM('7.4 (L) (2)'!J20,'7.4 (P) (2)'!J20) -> 16 | L20: =SUM('7.4 (L) (2)'!L20,'7.4 (P) (2)'!L20) -> 97 | M20: =SUM('7.4 (L) (2)'!M20,'7.4 (P) (2)'!M20) -> 328 | N20: =SUM('7.4 (L) (2)'!N20,'7.4 (P) (2)'!N20) -> 213 | O20: =SUM('7.4 (L) (2)'!O20,'7.4 (P) (2)'!O20) -> 140 | P20: =SUM('7.4 (L) (2)'!P20,'7.4 (P) (2)'!P20) -> 49 | Q20: =SUM('7.4 (L) (2)'!Q20,'7.4 (P) (2)'!Q20) -> 17
D21: 2022 | E21: =SUM('7.4 (L) (2)'!E21,'7.4 (P) (2)'!E21) -> 3 | F21: =SUM('7.4 (L) (2)'!F21,'7.4 (P) (2)'!F21) -> 20 | G21: =SUM('7.4 (L) (2)'!G21,'7.4 (P) (2)'!G21) -> 11 | H21: =SUM('7.4 (L) (2)'!H21,'7.4 (P) (2)'!H21) -> 17 | I21: =SUM('7.4 (L) (2)'!I21,'7.4 (P) (2)'!I21) -> 15 | J21: =SUM('7.4 (L) (2)'!J21,'7.4 (P) (2)'!J21) -> 11 | L21: =SUM('7.4 (L) (2)'!L21,'7.4 (P) (2)'!L21) -> 94 | M21: =SUM('7.4 (L) (2)'!M21,'7.4 (P) (2)'!M21) -> 314 | N21: =SUM('7.4 (L) (2)'!N21,'7.4 (P) (2)'!N21) -> 241 | O21: =SUM('7.4 (L) (2)'!O21,'7.4 (P) (2)'!O21) -> 166 | P21: =SUM('7.4 (L) (2)'!P21,'7.4 (P) (2)'!P21) -> 62 | Q21: =SUM('7.4 (L) (2)'!Q21,'7.4 (P) (2)'!Q21) -> 12
D22: 2023 | E22: =SUM('7.4 (L) (2)'!E22,'7.4 (P) (2)'!E22) -> 1 | F22: =SUM('7.4 (L) (2)'!F22,'7.4 (P) (2)'!F22) -> 14 | G22: =SUM('7.4 (L) (2)'!G22,'7.4 (P) (2)'!G22) -> 11 | H22: =SUM('7.4 (L) (2)'!H22,'7.4 (P) (2)'!H22) -> 29 | I22: =SUM('7.4 (L) (2)'!I22,'7.4 (P) (2)'!I22) -> 23 | J22: =SUM('7.4 (L) (2)'!J22,'7.4 (P) (2)'!J22) -> 13 | L22: =SUM('7.4 (L) (2)'!L22,'7.4 (P) (2)'!L22) -> 85 | M22: =SUM('7.4 (L) (2)'!M22,'7.4 (P) (2)'!M22) -> 396 | N22: =SUM('7.4 (L) (2)'!N22,'7.4 (P) (2)'!N22) -> 306 | O22: =SUM('7.4 (L) (2)'!O22,'7.4 (P) (2)'!O22) -> 212 | P22: =SUM('7.4 (L) (2)'!P22,'7.4 (P) (2)'!P22) -> 95 | Q22: =SUM('7.4 (L) (2)'!Q22,'7.4 (P) (2)'!Q22) -> 23
B24: Kedah | D24: 2021 | E24: =SUM('7.4 (L) (2)'!E24,'7.4 (P) (2)'!E24) -> 3 | F24: =SUM('7.4 (L) (2)'!F24,'7.4 (P) (2)'!F24) -> 23 | G24: =SUM('7.4 (L) (2)'!G24,'7.4 (P) (2)'!G24) -> 25 | H24: =SUM('7.4 (L) (2)'!H24,'7.4 (P) (2)'!H24) -> 16 | I24: =SUM('7.4 (L) (2)'!I24,'7.4 (P) (2)'!I24) -> 15 | J24: =SUM('7.4 (L) (2)'!J24,'7.4 (P) (2)'!J24) -> 16 | L24: =SUM('7.4 (L) (2)'!L24,'7.4 (P) (2)'!L24) -> 77 | M24: =SUM('7.4 (L) (2)'!M24,'7.4 (P) (2)'!M24) -> 260 | N24: =SUM('7.4 (L) (2)'!N24,'7.4 (P) (2)'!N24) -> 138 | O24: =SUM('7.4 (L) (2)'!O24,'7.4 (P) (2)'!O24) -> 84 | P24: =SUM('7.4 (L) (2)'!P24,'7.4 (P) (2)'!P24) -> 36 | Q24: =SUM('7.4 (L) (2)'!Q24,'7.4 (P) (2)'!Q24) -> 4
D25: 2022 | E25: - | F25: =SUM('7.4 (L) (2)'!F25,'7.4 (P) (2)'!F25) -> 21 | G25: =SUM('7.4 (L) (2)'!G25,'7.4 (P) (2)'!G25) -> 7 | H25: =SUM('7.4 (L) (2)'!H25,'7.4 (P) (2)'!H25) -> 9 | I25: =SUM('7.4 (L) (2)'!I25,'7.4 (P) (2)'!I25) -> 13 | J25: =SUM('7.4 (L) (2)'!J25,'7.4 (P) (2)'!J25) -> 6 | L25: =SUM('7.4 (L) (2)'!L25,'7.4 (P) (2)'!L25) -> 73 | M25: =SUM('7.4 (L) (2)'!M25,'7.4 (P) (2)'!M25) -> 229 | N25: =SUM('7.4 (L) (2)'!N25,'7.4 (P) (2)'!N25) -> 136 | O25: =SUM('7.4 (L) (2)'!O25,'7.4 (P) (2)'!O25) -> 69 | P25: =SUM('7.4 (L) (2)'!P25,'7.4 (P) (2)'!P25) -> 32 | Q25: =SUM('7.4 (L) (2)'!Q25,'7.4 (P) (2)'!Q25) -> 6
D26: 2023 | E26: =SUM('7.4 (L) (2)'!E26,'7.4 (P) (2)'!E26) -> 4 | F26: =SUM('7.4 (L) (2)'!F26,'7.4 (P) (2)'!F26) -> 13 | G26: =SUM('7.4 (L) (2)'!G26,'7.4 (P) (2)'!G26) -> 22 | H26: =SUM('7.4 (L) (2)'!H26,'7.4 (P) (2)'!H26) -> 23 | I26: =SUM('7.4 (L) (2)'!I26,'7.4 (P) (2)'!I26) -> 11 | J26: =SUM('7.4 (L) (2)'!J26,'7.4 (P) (2)'!J26) -> 8 | L26: =SUM('7.4 (L) (2)'!L26,'7.4 (P) (2)'!L26) -> 50 | M26: =SUM('7.4 (L) (2)'!M26,'7.4 (P) (2)'!M26) -> 208 | N26: =SUM('7.4 (L) (2)'!N26,'7.4 (P) (2)'!N26) -> 171 | O26: =SUM('7.4 (L) (2)'!O26,'7.4 (P) (2)'!O26) -> 93 | P26: =SUM('7.4 (L) (2)'!P26,'7.4 (P) (2)'!P26) -> 39 | Q26: =SUM('7.4 (L) (2)'!Q26,'7.4 (P) (2)'!Q26) -> 12
B28: Kelantan | D28: 2021 | E28: =SUM('7.4 (L) (2)'!E28,'7.4 (P) (2)'!E28) -> 4 | F28: =SUM('7.4 (L) (2)'!F28,'7.4 (P) (2)'!F28) -> 16 | G28: =SUM('7.4 (L) (2)'!G28,'7.4 (P) (2)'!G28) -> 12 | H28: =SUM('7.4 (L) (2)'!H28,'7.4 (P) (2)'!H28) -> 8 | I28: =SUM('7.4 (L) (2)'!I28,'7.4 (P) (2)'!I28) -> 8 | J28: =SUM('7.4 (L) (2)'!J28,'7.4 (P) (2)'!J28) -> 2 | L28: =SUM('7.4 (L) (2)'!L28,'7.4 (P) (2)'!L28) -> 70 | M28: =SUM('7.4 (L) (2)'!M28,'7.4 (P) (2)'!M28) -> 140 | N28: =SUM('7.4 (L) (2)'!N28,'7.4 (P) (2)'!N28) -> 80 | O28: =SUM('7.4 (L) (2)'!O28,'7.4 (P) (2)'!O28) -> 42 | P28: =SUM('7.4 (L) (2)'!P28,'7.4 (P) (2)'!P28) -> 18 | Q28: -
D29: 2022 | E29: =SUM('7.4 (L) (2)'!E29,'7.4 (P) (2)'!E29) -> 1 | F29: =SUM('7.4 (L) (2)'!F29,'7.4 (P) (2)'!F29) -> 6 | G29: =SUM('7.4 (L) (2)'!G29,'7.4 (P) (2)'!G29) -> 8 | H29: =SUM('7.4 (L) (2)'!H29,'7.4 (P) (2)'!H29) -> 6 | I29: =SUM('7.4 (L) (2)'!I29,'7.4 (P) (2)'!I29) -> 6 | J29: =SUM('7.4 (L) (2)'!J29,'7.4 (P) (2)'!J29) -> 2 | L29: =SUM('7.4 (L) (2)'!L29,'7.4 (P) (2)'!L29) -> 41 | M29: =SUM('7.4 (L) (2)'!M29,'7.4 (P) (2)'!M29) -> 128 | N29: =SUM('7.4 (L) (2)'!N29,'7.4 (P) (2)'!N29) -> 70 | O29: =SUM('7.4 (L) (2)'!O29,'7.4 (P) (2)'!O29) -> 42 | P29: =SUM('7.4 (L) (2)'!P29,'7.4 (P) (2)'!P29) -> 14 | Q29: =SUM('7.4 (L) (2)'!Q29,'7.4 (P) (2)'!Q29) -> 3
D30: 2023 | E30: =SUM('7.4 (L) (2)'!E30,'7.4 (P) (2)'!E30) -> 2 | F30: =SUM('7.4 (L) (2)'!F30,'7.4 (P) (2)'!F30) -> 4 | G30: =SUM('7.4 (L) (2)'!G30,'7.4 (P) (2)'!G30) -> 6 | H30: =SUM('7.4 (L) (2)'!H30,'7.4 (P) (2)'!H30) -> 8 | I30: =SUM('7.4 (L) (2)'!I30,'7.4 (P) (2)'!I30) -> 4 | J30: =SUM('7.4 (L) (2)'!J30,'7.4 (P) (2)'!J30) -> 4 | L30: =SUM('7.4 (L) (2)'!L30,'7.4 (P) (2)'!L30) -> 20 | M30: =SUM('7.4 (L) (2)'!M30,'7.4 (P) (2)'!M30) -> 117 | N30: =SUM('7.4 (L) (2)'!N30,'7.4 (P) (2)'!N30) -> 93 | O30: =SUM('7.4 (L) (2)'!O30,'7.4 (P) (2)'!O30) -> 53 | P30: =SUM('7.4 (L) (2)'!P30,'7.4 (P) (2)'!P30) -> 20 | Q30: =SUM('7.4 (L) (2)'!Q30,'7.4 (P) (2)'!Q30) -> 5
B32: Melaka | D32: 2021 | E32: =SUM('7.4 (L) (2)'!E32,'7.4 (P) (2)'!E32) -> 1 | F32: =SUM('7.4 (L) (2)'!F32,'7.4 (P) (2)'!F32) -> 14 | G32: =SUM('7.4 (L) (2)'!G32,'7.4 (P) (2)'!G32) -> 18 | H32: =SUM('7.4 (L) (2)'!H32,'7.4 (P) (2)'!H32) -> 25 | I32: =SUM('7.4 (L) (2)'!I32,'7.4 (P) (2)'!I32) -> 9 | J32: =SUM('7.4 (L) (2)'!J32,'7.4 (P) (2)'!J32) -> 10 | L32: =SUM('7.4 (L) (2)'!L32,'7.4 (P) (2)'!L32) -> 51 | M32: =SUM('7.4 (L) (2)'!M32,'7.4 (P) (2)'!M32) -> 133 | N32: =SUM('7.4 (L) (2)'!N32,'7.4 (P) (2)'!N32) -> 87 | O32: =SUM('7.4 (L) (2)'!O32,'7.4 (P) (2)'!O32) -> 47 | P32: =SUM('7.4 (L) (2)'!P32,'7.4 (P) (2)'!P32) -> 18 | Q32: =SUM('7.4 (L) (2)'!Q32,'7.4 (P) (2)'!Q32) -> 4
D33: 2022 | E33: - | F33: =SUM('7.4 (L) (2)'!F33,'7.4 (P) (2)'!F33) -> 17 | G33: =SUM('7.4 (L) (2)'!G33,'7.4 (P) (2)'!G33) -> 13 | H33: =SUM('7.4 (L) (2)'!H33,'7.4 (P) (2)'!H33) -> 13 | I33: =SUM('7.4 (L) (2)'!I33,'7.4 (P) (2)'!I33) -> 8 | J33: =SUM('7.4 (L) (2)'!J33,'7.4 (P) (2)'!J33) -> 3 | L33: =SUM('7.4 (L) (2)'!L33,'7.4 (P) (2)'!L33) -> 55 | M33: =SUM('7.4 (L) (2)'!M33,'7.4 (P) (2)'!M33) -> 207 | N33: =SUM('7.4 (L) (2)'!N33,'7.4 (P) (2)'!N33) -> 109 | O33: =SUM('7.4 (L) (2)'!O33,'7.4 (P) (2)'!O33) -> 66 | P33: =SUM('7.4 (L) (2)'!P33,'7.4 (P) (2)'!P33) -> 30 | Q33: =SUM('7.4 (L) (2)'!Q33,'7.4 (P) (2)'!Q33) -> 2
D34: 2023 | E34: =SUM('7.4 (L) (2)'!E34,'7.4 (P) (2)'!E34) -> 3 | F34: =SUM('7.4 (L) (2)'!F34,'7.4 (P) (2)'!F34) -> 10 | G34: =SUM('7.4 (L) (2)'!G34,'7.4 (P) (2)'!G34) -> 10 | H34: =SUM('7.4 (L) (2)'!H34,'7.4 (P) (2)'!H34) -> 8 | I34: =SUM('7.4 (L) (2)'!I34,'7.4 (P) (2)'!I34) -> 7 | J34: =SUM('7.4 (L) (2)'!J34,'7.4 (P) (2)'!J34) -> 8 | L34: =SUM('7.4 (L) (2)'!L34,'7.4 (P) (2)'!L34) -> 47 | M34: =SUM('7.4 (L) (2)'!M34,'7.4 (P) (2)'!M34) -> 209 | N34: =SUM('7.4 (L) (2)'!N34,'7.4 (P) (2)'!N34) -> 122 | O34: =SUM('7.4 (L) (2)'!O34,'7.4 (P) (2)'!O34) -> 84 | P34: =SUM('7.4 (L) (2)'!P34,'7.4 (P) (2)'!P34) -> 50 | Q34: =SUM('7.4 (L) (2)'!Q34,'7.4 (P) (2)'!Q34) -> 16
B36: Negeri Sembilan | D36: 2021 | E36: =SUM('7.4 (L) (2)'!E36,'7.4 (P) (2)'!E36) -> 4 | F36: =SUM('7.4 (L) (2)'!F36,'7.4 (P) (2)'!F36) -> 35 | G36: =SUM('7.4 (L) (2)'!G36,'7.4 (P) (2)'!G36) -> 34 | H36: =SUM('7.4 (L) (2)'!H36,'7.4 (P) (2)'!H36) -> 15 | I36: =SUM('7.4 (L) (2)'!I36,'7.4 (P) (2)'!I36) -> 17 | J36: =SUM('7.4 (L) (2)'!J36,'7.4 (P) (2)'!J36) -> 11 | L36: =SUM('7.4 (L) (2)'!L36,'7.4 (P) (2)'!L36) -> 146 | M36: =SUM('7.4 (L) (2)'!M36,'7.4 (P) (2)'!M36) -> 368 | N36: =SUM('7.4 (L) (2)'!N36,'7.4 (P) (2)'!N36) -> 258 | O36: =SUM('7.4 (L) (2)'!O36,'7.4 (P) (2)'!O36) -> 162 | P36: =SUM('7.4 (L) (2)'!P36,'7.4 (P) (2)'!P36) -> 56 | Q36: =SUM('7.4 (L) (2)'!Q36,'7.4 (P) (2)'!Q36) -> 12
D37: 2022 | E37: =SUM('7.4 (L) (2)'!E37,'7.4 (P) (2)'!E37) -> 4 | F37: =SUM('7.4 (L) (2)'!F37,'7.4 (P) (2)'!F37) -> 17 | G37: =SUM('7.4 (L) (2)'!G37,'7.4 (P) (2)'!G37) -> 18 | H37: =SUM('7.4 (L) (2)'!H37,'7.4 (P) (2)'!H37) -> 17 | I37: =SUM('7.4 (L) (2)'!I37,'7.4 (P) (2)'!I37) -> 9 | J37: =SUM('7.4 (L) (2)'!J37,'7.4 (P) (2)'!J37) -> 9 | L37: =SUM('7.4 (L) (2)'!L37,'7.4 (P) (2)'!L37) -> 84 | M37: =SUM('7.4 (L) (2)'!M37,'7.4 (P) (2)'!M37) -> 254 | N37: =SUM('7.4 (L) (2)'!N37,'7.4 (P) (2)'!N37) -> 198 | O37: =SUM('7.4 (L) (2)'!O37,'7.4 (P) (2)'!O37) -> 142 | P37: =SUM('7.4 (L) (2)'!P37,'7.4 (P) (2)'!P37) -> 54 | Q37: =SUM('7.4 (L) (2)'!Q37,'7.4 (P) (2)'!Q37) -> 19
D38: 2023 | E38: =SUM('7.4 (L) (2)'!E38,'7.4 (P) (2)'!E38) -> 5 | F38: =SUM('7.4 (L) (2)'!F38,'7.4 (P) (2)'!F38) -> 11 | G38: =SUM('7.4 (L) (2)'!G38,'7.4 (P) (2)'!G38) -> 13 | H38: =SUM('7.4 (L) (2)'!H38,'7.4 (P) (2)'!H38) -> 20 | I38: =SUM('7.4 (L) (2)'!I38,'7.4 (P) (2)'!I38) -> 16 | J38: =SUM('7.4 (L) (2)'!J38,'7.4 (P) (2)'!J38) -> 16 | L38: =SUM('7.4 (L) (2)'!L38,'7.4 (P) (2)'!L38) -> 109 | M38: =SUM('7.4 (L) (2)'!M38,'7.4 (P) (2)'!M38) -> 322 | N38: =SUM('7.4 (L) (2)'!N38,'7.4 (P) (2)'!N38) -> 276 | O38: =SUM('7.4 (L) (2)'!O38,'7.4 (P) (2)'!O38) -> 158 | P38: =SUM('7.4 (L) (2)'!P38,'7.4 (P) (2)'!P38) -> 82 | Q38: =SUM('7.4 (L) (2)'!Q38,'7.4 (P) (2)'!Q38) -> 24
B40: Pahang | D40: 2021 | E40: =SUM('7.4 (L) (2)'!E40,'7.4 (P) (2)'!E40) -> 12 | F40: =SUM('7.4 (L) (2)'!F40,'7.4 (P) (2)'!F40) -> 17 | G40: =SUM('7.4 (L) (2)'!G40,'7.4 (P) (2)'!G40) -> 19 | H40: =SUM('7.4 (L) (2)'!H40,'7.4 (P) (2)'!H40) -> 21 | I40: =SUM('7.4 (L) (2)'!I40,'7.4 (P) (2)'!I40) -> 16 | J40: =SUM('7.4 (L) (2)'!J40,'7.4 (P) (2)'!J40) -> 3 | L40: =SUM('7.4 (L) (2)'!L40,'7.4 (P) (2)'!L40) -> 80 | M40: =SUM('7.4 (L) (2)'!M40,'7.4 (P) (2)'!M40) -> 255 | N40: =SUM('7.4 (L) (2)'!N40,'7.4 (P) (2)'!N40) -> 167 | O40: =SUM('7.4 (L) (2)'!O40,'7.4 (P) (2)'!O40) -> 76 | P40: =SUM('7.4 (L) (2)'!P40,'7.4 (P) (2)'!P40) -> 50 | Q40: =SUM('7.4 (L) (2)'!Q40,'7.4 (P) (2)'!Q40) -> 5
D41: 2022 | E41: =SUM('7.4 (L) (2)'!E41,'7.4 (P) (2)'!E41) -> 2 | F41: =SUM('7.4 (L) (2)'!F41,'7.4 (P) (2)'!F41) -> 25 | G41: =SUM('7.4 (L) (2)'!G41,'7.4 (P) (2)'!G41) -> 13 | H41: =SUM('7.4 (L) (2)'!H41,'7.4 (P) (2)'!H41) -> 16 | I41: =SUM('7.4 (L) (2)'!I41,'7.4 (P) (2)'!I41) -> 5 | J41: =SUM('7.4 (L) (2)'!J41,'7.4 (P) (2)'!J41) -> 7 | L41: =SUM('7.4 (L) (2)'!L41,'7.4 (P) (2)'!L41) -> 81 | M41: =SUM('7.4 (L) (2)'!M41,'7.4 (P) (2)'!M41) -> 285 | N41: =SUM('7.4 (L) (2)'!N41,'7.4 (P) (2)'!N41) -> 180 | O41: =SUM('7.4 (L) (2)'!O41,'7.4 (P) (2)'!O41) -> 110 | P41: =SUM('7.4 (L) (2)'!P41,'7.4 (P) (2)'!P41) -> 36 | Q41: =SUM('7.4 (L) (2)'!Q41,'7.4 (P) (2)'!Q41) -> 15
D42: 2023 | E42: =SUM('7.4 (L) (2)'!E42,'7.4 (P) (2)'!E42) -> 4 | F42: =SUM('7.4 (L) (2)'!F42,'7.4 (P) (2)'!F42) -> 15 | G42: =SUM('7.4 (L) (2)'!G42,'7.4 (P) (2)'!G42) -> 16 | H42: =SUM('7.4 (L) (2)'!H42,'7.4 (P) (2)'!H42) -> 17 | I42: =SUM('7.4 (L) (2)'!I42,'7.4 (P) (2)'!I42) -> 4 | J42: =SUM('7.4 (L) (2)'!J42,'7.4 (P) (2)'!J42) -> 11 | L42: =SUM('7.4 (L) (2)'!L42,'7.4 (P) (2)'!L42) -> 82 | M42: =SUM('7.4 (L) (2)'!M42,'7.4 (P) (2)'!M42) -> 254 | N42: =SUM('7.4 (L) (2)'!N42,'7.4 (P) (2)'!N42) -> 216 | O42: =SUM('7.4 (L) (2)'!O42,'7.4 (P) (2)'!O42) -> 116 | P42: =SUM('7.4 (L) (2)'!P42,'7.4 (P) (2)'!P42) -> 63 | Q42: =SUM('7.4 (L) (2)'!Q42,'7.4 (P) (2)'!Q42) -> 11
B44: Pulau Pinang | D44: 2021 | E44: =SUM('7.4 (L) (2)'!E44,'7.4 (P) (2)'!E44) -> 6 | F44: =SUM('7.4 (L) (2)'!F44,'7.4 (P) (2)'!F44) -> 32 | G44: =SUM('7.4 (L) (2)'!G44,'7.4 (P) (2)'!G44) -> 28 | H44: =SUM('7.4 (L) (2)'!H44,'7.4 (P) (2)'!H44) -> 26 | I44: =SUM('7.4 (L) (2)'!I44,'7.4 (P) (2)'!I44) -> 27 | J44: =SUM('7.4 (L) (2)'!J44,'7.4 (P) (2)'!J44) -> 13 | L44: =SUM('7.4 (L) (2)'!L44,'7.4 (P) (2)'!L44) -> 118 | M44: =SUM('7.4 (L) (2)'!M44,'7.4 (P) (2)'!M44) -> 438 | N44: =SUM('7.4 (L) (2)'!N44,'7.4 (P) (2)'!N44) -> 210 | O44: =SUM('7.4 (L) (2)'!O44,'7.4 (P) (2)'!O44) -> 138 | P44: =SUM('7.4 (L) (2)'!P44,'7.4 (P) (2)'!P44) -> 43 | Q44: =SUM('7.4 (L) (2)'!Q44,'7.4 (P) (2)'!Q44) -> 11
D45: 2022 | E45: =SUM('7.4 (L) (2)'!E45,'7.4 (P) (2)'!E45) -> 2 | F45: =SUM('7.4 (L) (2)'!F45,'7.4 (P) (2)'!F45) -> 7 | G45: =SUM('7.4 (L) (2)'!G45,'7.4 (P) (2)'!G45) -> 9 | H45: =SUM('7.4 (L) (2)'!H45,'7.4 (P) (2)'!H45) -> 13 | I45: =SUM('7.4 (L) (2)'!I45,'7.4 (P) (2)'!I45) -> 11 | J45: =SUM('7.4 (L) (2)'!J45,'7.4 (P) (2)'!J45) -> 10 | L45: =SUM('7.4 (L) (2)'!L45,'7.4 (P) (2)'!L45) -> 78 | M45: =SUM('7.4 (L) (2)'!M45,'7.4 (P) (2)'!M45) -> 372 | N45: =SUM('7.4 (L) (2)'!N45,'7.4 (P) (2)'!N45) -> 199 | O45: =SUM('7.4 (L) (2)'!O45,'7.4 (P) (2)'!O45) -> 130 | P45: =SUM('7.4 (L) (2)'!P45,'7.4 (P) (2)'!P45) -> 45 | Q45: =SUM('7.4 (L) (2)'!Q45,'7.4 (P) (2)'!Q45) -> 15
D46: 2023 | E46: =SUM('7.4 (L) (2)'!E46,'7.4 (P) (2)'!E46) -> 2 | F46: =SUM('7.4 (L) (2)'!F46,'7.4 (P) (2)'!F46) -> 21 | G46: =SUM('7.4 (L) (2)'!G46,'7.4 (P) (2)'!G46) -> 13 | H46: =SUM('7.4 (L) (2)'!H46,'7.4 (P) (2)'!H46) -> 16 | I46: =SUM('7.4 (L) (2)'!I46,'7.4 (P) (2)'!I46) -> 11 | J46: =SUM('7.4 (L) (2)'!J46,'7.4 (P) (2)'!J46) -> 10 | L46: =SUM('7.4 (L) (2)'!L46,'7.4 (P) (2)'!L46) -> 70 | M46: =SUM('7.4 (L) (2)'!M46,'7.4 (P) (2)'!M46) -> 419 | N46: =SUM('7.4 (L) (2)'!N46,'7.4 (P) (2)'!N46) -> 249 | O46: =SUM('7.4 (L) (2)'!O46,'7.4 (P) (2)'!O46) -> 180 | P46: =SUM('7.4 (L) (2)'!P46,'7.4 (P) (2)'!P46) -> 79 | Q46: =SUM('7.4 (L) (2)'!Q46,'7.4 (P) (2)'!Q46) -> 20
B48: Perak | D48: 2021 | E48: =SUM('7.4 (L) (2)'!E48,'7.4 (P) (2)'!E48) -> 6 | F48: =SUM('7.4 (L) (2)'!F48,'7.4 (P) (2)'!F48) -> 19 | G48: =SUM('7.4 (L) (2)'!G48,'7.4 (P) (2)'!G48) -> 19 | H48: =SUM('7.4 (L) (2)'!H48,'7.4 (P) (2)'!H48) -> 23 | I48: =SUM('7.4 (L) (2)'!I48,'7.4 (P) (2)'!I48) -> 11 | J48: =SUM('7.4 (L) (2)'!J48,'7.4 (P) (2)'!J48) -> 14 | L48: =SUM('7.4 (L) (2)'!L48,'7.4 (P) (2)'!L48) -> 101 | M48: =SUM('7.4 (L) (2)'!M48,'7.4 (P) (2)'!M48) -> 246 | N48: =SUM('7.4 (L) (2)'!N48,'7.4 (P) (2)'!N48) -> 158 | O48: =SUM('7.4 (L) (2)'!O48,'7.4 (P) (2)'!O48) -> 105 | P48: =SUM('7.4 (L) (2)'!P48,'7.4 (P) (2)'!P48) -> 37 | Q48: =SUM('7.4 (L) (2)'!Q48,'7.4 (P) (2)'!Q48) -> 10
D49: 2022 | E49: =SUM('7.4 (L) (2)'!E49,'7.4 (P) (2)'!E49) -> 4 | F49: =SUM('7.4 (L) (2)'!F49,'7.4 (P) (2)'!F49) -> 12 | G49: =SUM('7.4 (L) (2)'!G49,'7.4 (P) (2)'!G49) -> 10 | H49: =SUM('7.4 (L) (2)'!H49,'7.4 (P) (2)'!H49) -> 14 | I49: =SUM('7.4 (L) (2)'!I49,'7.4 (P) (2)'!I49) -> 10 | J49: =SUM('7.4 (L) (2)'!J49,'7.4 (P) (2)'!J49) -> 9 | L49: =SUM('7.4 (L) (2)'!L49,'7.4 (P) (2)'!L49) -> 69 | M49: =SUM('7.4 (L) (2)'!M49,'7.4 (P) (2)'!M49) -> 224 | N49: =SUM('7.4 (L) (2)'!N49,'7.4 (P) (2)'!N49) -> 180 | O49: =SUM('7.4 (L) (2)'!O49,'7.4 (P) (2)'!O49) -> 94 | P49: =SUM('7.4 (L) (2)'!P49,'7.4 (P) (2)'!P49) -> 33 | Q49: =SUM('7.4 (L) (2)'!Q49,'7.4 (P) (2)'!Q49) -> 12
D50: 2023 | E50: =SUM('7.4 (L) (2)'!E50,'7.4 (P) (2)'!E50) -> 3 | F50: =SUM('7.4 (L) (2)'!F50,'7.4 (P) (2)'!F50) -> 9 | G50: =SUM('7.4 (L) (2)'!G50,'7.4 (P) (2)'!G50) -> 14 | H50: =SUM('7.4 (L) (2)'!H50,'7.4 (P) (2)'!H50) -> 9 | I50: =SUM('7.4 (L) (2)'!I50,'7.4 (P) (2)'!I50) -> 11 | J50: =SUM('7.4 (L) (2)'!J50,'7.4 (P) (2)'!J50) -> 15 | L50: =SUM('7.4 (L) (2)'!L50,'7.4 (P) (2)'!L50) -> 79 | M50: =SUM('7.4 (L) (2)'!M50,'7.4 (P) (2)'!M50) -> 291 | N50: =SUM('7.4 (L) (2)'!N50,'7.4 (P) (2)'!N50) -> 178 | O50: =SUM('7.4 (L) (2)'!O50,'7.4 (P) (2)'!O50) -> 118 | P50: =SUM('7.4 (L) (2)'!P50,'7.4 (P) (2)'!P50) -> 69 | Q50: =SUM('7.4 (L) (2)'!Q50,'7.4 (P) (2)'!Q50) -> 15
B52: Perlis | D52: 2021 | E52: =SUM('7.4 (L) (2)'!E52,'7.4 (P) (2)'!E52) -> 1 | F52: =SUM('7.4 (L) (2)'!F52,'7.4 (P) (2)'!F52) -> 5 | G52: =SUM('7.4 (L) (2)'!G52,'7.4 (P) (2)'!G52) -> 7 | H52: =SUM('7.4 (L) (2)'!H52,'7.4 (P) (2)'!H52) -> 8 | I52: =SUM('7.4 (L) (2)'!I52,'7.4 (P) (2)'!I52) -> 5 | J52: - | L52: =SUM('7.4 (L) (2)'!L52,'7.4 (P) (2)'!L52) -> 21 | M52: =SUM('7.4 (L) (2)'!M52,'7.4 (P) (2)'!M52) -> 60 | N52: =SUM('7.4 (L) (2)'!N52,'7.4 (P) (2)'!N52) -> 32 | O52: =SUM('7.4 (L) (2)'!O52,'7.4 (P) (2)'!O52) -> 26 | P52: =SUM('7.4 (L) (2)'!P52,'7.4 (P) (2)'!P52) -> 11 | Q52: =SUM('7.4 (L) (2)'!Q52,'7.4 (P) (2)'!Q52) -> 1
D53: 2022 | E53: - | F53: =SUM('7.4 (L) (2)'!F53,'7.4 (P) (2)'!F53) -> 6 | G53: =SUM('7.4 (L) (2)'!G53,'7.4 (P) (2)'!G53) -> 2 | H53: =SUM('7.4 (L) (2)'!H53,'7.4 (P) (2)'!H53) -> 3 | I53: - | J53: =SUM('7.4 (L) (2)'!J53,'7.4 (P) (2)'!J53) -> 1 | L53: =SUM('7.4 (L) (2)'!L53,'7.4 (P) (2)'!L53) -> 31 | M53: =SUM('7.4 (L) (2)'!M53,'7.4 (P) (2)'!M53) -> 55 | N53: =SUM('7.4 (L) (2)'!N53,'7.4 (P) (2)'!N53) -> 38 | O53: =SUM('7.4 (L) (2)'!O53,'7.4 (P) (2)'!O53) -> 12 | P53: =SUM('7.4 (L) (2)'!P53,'7.4 (P) (2)'!P53) -> 11 | Q53: -
D54: 2023 | E54: =SUM('7.4 (L) (2)'!E54,'7.4 (P) (2)'!E54) -> 1 | F54: =SUM('7.4 (L) (2)'!F54,'7.4 (P) (2)'!F54) -> 2 | G54: =SUM('7.4 (L) (2)'!G54,'7.4 (P) (2)'!G54) -> 3 | H54: =SUM('7.4 (L) (2)'!H54,'7.4 (P) (2)'!H54) -> 1 | I54: - | J54: =SUM('7.4 (L) (2)'!J54,'7.4 (P) (2)'!J54) -> 2 | L54: =SUM('7.4 (L) (2)'!L54,'7.4 (P) (2)'!L54) -> 19 | M54: =SUM('7.4 (L) (2)'!M54,'7.4 (P) (2)'!M54) -> 31 | N54: =SUM('7.4 (L) (2)'!N54,'7.4 (P) (2)'!N54) -> 33 | O54: =SUM('7.4 (L) (2)'!O54,'7.4 (P) (2)'!O54) -> 23 | P54: =SUM('7.4 (L) (2)'!P54,'7.4 (P) (2)'!P54) -> 8 | Q54: =SUM('7.4 (L) (2)'!Q54,'7.4 (P) (2)'!Q54) -> 1
B56: Selangor | D56: 2021 | E56: =SUM('7.4 (L) (2)'!E56,'7.4 (P) (2)'!E56) -> 3 | F56: =SUM('7.4 (L) (2)'!F56,'7.4 (P) (2)'!F56) -> 50 | G56: =SUM('7.4 (L) (2)'!G56,'7.4 (P) (2)'!G56) -> 61 | H56: =SUM('7.4 (L) (2)'!H56,'7.4 (P) (2)'!H56) -> 44 | I56: =SUM('7.4 (L) (2)'!I56,'7.4 (P) (2)'!I56) -> 34 | J56: =SUM('7.4 (L) (2)'!J56,'7.4 (P) (2)'!J56) -> 16 | L56: =SUM('7.4 (L) (2)'!L56,'7.4 (P) (2)'!L56) -> 117 | M56: =SUM('7.4 (L) (2)'!M56,'7.4 (P) (2)'!M56) -> 439 | N56: =SUM('7.4 (L) (2)'!N56,'7.4 (P) (2)'!N56) -> 332 | O56: =SUM('7.4 (L) (2)'!O56,'7.4 (P) (2)'!O56) -> 215 | P56: =SUM('7.4 (L) (2)'!P56,'7.4 (P) (2)'!P56) -> 82 | Q56: =SUM('7.4 (L) (2)'!Q56,'7.4 (P) (2)'!Q56) -> 17
D57: 2022 | E57: =SUM('7.4 (L) (2)'!E57,'7.4 (P) (2)'!E57) -> 3 | F57: =SUM('7.4 (L) (2)'!F57,'7.4 (P) (2)'!F57) -> 22 | G57: =SUM('7.4 (L) (2)'!G57,'7.4 (P) (2)'!G57) -> 19 | H57: =SUM('7.4 (L) (2)'!H57,'7.4 (P) (2)'!H57) -> 25 | I57: =SUM('7.4 (L) (2)'!I57,'7.4 (P) (2)'!I57) -> 17 | J57: =SUM('7.4 (L) (2)'!J57,'7.4 (P) (2)'!J57) -> 11 | L57: =SUM('7.4 (L) (2)'!L57,'7.4 (P) (2)'!L57) -> 57 | M57: =SUM('7.4 (L) (2)'!M57,'7.4 (P) (2)'!M57) -> 425 | N57: =SUM('7.4 (L) (2)'!N57,'7.4 (P) (2)'!N57) -> 329 | O57: =SUM('7.4 (L) (2)'!O57,'7.4 (P) (2)'!O57) -> 194 | P57: =SUM('7.4 (L) (2)'!P57,'7.4 (P) (2)'!P57) -> 98 | Q57: =SUM('7.4 (L) (2)'!Q57,'7.4 (P) (2)'!Q57) -> 12
D58: 2023 | E58: - | F58: =SUM('7.4 (L) (2)'!F58,'7.4 (P) (2)'!F58) -> 19 | G58: =SUM('7.4 (L) (2)'!G58,'7.4 (P) (2)'!G58) -> 33 | H58: =SUM('7.4 (L) (2)'!H58,'7.4 (P) (2)'!H58) -> 36 | I58: =SUM('7.4 (L) (2)'!I58,'7.4 (P) (2)'!I58) -> 21 | J58: =SUM('7.4 (L) (2)'!J58,'7.4 (P) (2)'!J58) -> 29 | L58: =SUM('7.4 (L) (2)'!L58,'7.4 (P) (2)'!L58) -> 169 | M58: =SUM('7.4 (L) (2)'!M58,'7.4 (P) (2)'!M58) -> 750 | N58: =SUM('7.4 (L) (2)'!N58,'7.4 (P) (2)'!N58) -> 586 | O58: =SUM('7.4 (L) (2)'!O58,'7.4 (P) (2)'!O58) -> 374 | P58: =SUM('7.4 (L) (2)'!P58,'7.4 (P) (2)'!P58) -> 180 | Q58: =SUM('7.4 (L) (2)'!Q58,'7.4 (P) (2)'!Q58) -> 94
B60: Terengganu | D60: 2021 | E60: =SUM('7.4 (L) (2)'!E60,'7.4 (P) (2)'!E60) -> 7 | F60: =SUM('7.4 (L) (2)'!F60,'7.4 (P) (2)'!F60) -> 15 | G60: =SUM('7.4 (L) (2)'!G60,'7.4 (P) (2)'!G60) -> 22 | H60: =SUM('7.4 (L) (2)'!H60,'7.4 (P) (2)'!H60) -> 22 | I60: =SUM('7.4 (L) (2)'!I60,'7.4 (P) (2)'!I60) -> 15 | J60: - | L60: =SUM('7.4 (L) (2)'!L60,'7.4 (P) (2)'!L60) -> 78 | M60: =SUM('7.4 (L) (2)'!M60,'7.4 (P) (2)'!M60) -> 190 | N60: =SUM('7.4 (L) (2)'!N60,'7.4 (P) (2)'!N60) -> 112 | O60: =SUM('7.4 (L) (2)'!O60,'7.4 (P) (2)'!O60) -> 65 | P60: =SUM('7.4 (L) (2)'!P60,'7.4 (P) (2)'!P60) -> 24 | Q60: =SUM('7.4 (L) (2)'!Q60,'7.4 (P) (2)'!Q60) -> 3
D61: 2022 | E61: =SUM('7.4 (L) (2)'!E61,'7.4 (P) (2)'!E61) -> 2 | F61: =SUM('7.4 (L) (2)'!F61,'7.4 (P) (2)'!F61) -> 11 | G61: =SUM('7.4 (L) (2)'!G61,'7.4 (P) (2)'!G61) -> 10 | H61: =SUM('7.4 (L) (2)'!H61,'7.4 (P) (2)'!H61) -> 7 | I61: =SUM('7.4 (L) (2)'!I61,'7.4 (P) (2)'!I61) -> 6 | J61: - | L61: =SUM('7.4 (L) (2)'!L61,'7.4 (P) (2)'!L61) -> 45 | M61: =SUM('7.4 (L) (2)'!M61,'7.4 (P) (2)'!M61) -> 141 | N61: =SUM('7.4 (L) (2)'!N61,'7.4 (P) (2)'!N61) -> 116 | O61: =SUM('7.4 (L) (2)'!O61,'7.4 (P) (2)'!O61) -> 63 | P61: =SUM('7.4 (L) (2)'!P61,'7.4 (P) (2)'!P61) -> 29 | Q61: =SUM('7.4 (L) (2)'!Q61,'7.4 (P) (2)'!Q61) -> 2
D62: 2023 | E62: =SUM('7.4 (L) (2)'!E62,'7.4 (P) (2)'!E62) -> 3 | F62: =SUM('7.4 (L) (2)'!F62,'7.4 (P) (2)'!F62) -> 11 | G62: =SUM('7.4 (L) (2)'!G62,'7.4 (P) (2)'!G62) -> 13 | H62: =SUM('7.4 (L) (2)'!H62,'7.4 (P) (2)'!H62) -> 9 | I62: =SUM('7.4 (L) (2)'!I62,'7.4 (P) (2)'!I62) -> 3 | J62: =SUM('7.4 (L) (2)'!J62,'7.4 (P) (2)'!J62) -> 2 | L62: =SUM('7.4 (L) (2)'!L62,'7.4 (P) (2)'!L62) -> 37 | M62: =SUM('7.4 (L) (2)'!M62,'7.4 (P) (2)'!M62) -> 137 | N62: =SUM('7.4 (L) (2)'!N62,'7.4 (P) (2)'!N62) -> 97 | O62: =SUM('7.4 (L) (2)'!O62,'7.4 (P) (2)'!O62) -> 68 | P62: =SUM('7.4 (L) (2)'!P62,'7.4 (P) (2)'!P62) -> 28 | Q62: -
B64: Sabah | D64: 2021 | E64: - | F64: =SUM('7.4 (L) (2)'!F64,'7.4 (P) (2)'!F64) -> 6 | G64: =SUM('7.4 (L) (2)'!G64,'7.4 (P) (2)'!G64) -> 25 | H64: =SUM('7.4 (L) (2)'!H64,'7.4 (P) (2)'!H64) -> 11 | I64: =SUM('7.4 (L) (2)'!I64,'7.4 (P) (2)'!I64) -> 4 | J64: =SUM('7.4 (L) (2)'!J64,'7.4 (P) (2)'!J64) -> 4 | L64: =SUM('7.4 (L) (2)'!L64,'7.4 (P) (2)'!L64) -> 34 | M64: =SUM('7.4 (L) (2)'!M64,'7.4 (P) (2)'!M64) -> 164 | N64: =SUM('7.4 (L) (2)'!N64,'7.4 (P) (2)'!N64) -> 109 | O64: =SUM('7.4 (L) (2)'!O64,'7.4 (P) (2)'!O64) -> 83 | P64: =SUM('7.4 (L) (2)'!P64,'7.4 (P) (2)'!P64) -> 42 | Q64: =SUM('7.4 (L) (2)'!Q64,'7.4 (P) (2)'!Q64) -> 5
D65: 2022 | E65: =SUM('7.4 (L) (2)'!E65,'7.4 (P) (2)'!E65) -> 1 | F65: =SUM('7.4 (L) (2)'!F65,'7.4 (P) (2)'!F65) -> 6 | G65: =SUM('7.4 (L) (2)'!G65,'7.4 (P) (2)'!G65) -> 4 | H65: =SUM('7.4 (L) (2)'!H65,'7.4 (P) (2)'!H65) -> 2 | I65: =SUM('7.4 (L) (2)'!I65,'7.4 (P) (2)'!I65) -> 3 | J65: =SUM('7.4 (L) (2)'!J65,'7.4 (P) (2)'!J65) -> 2 | L65: =SUM('7.4 (L) (2)'!L65,'7.4 (P) (2)'!L65) -> 19 | M65: =SUM('7.4 (L) (2)'!M65,'7.4 (P) (2)'!M65) -> 139 | N65: =SUM('7.4 (L) (2)'!N65,'7.4 (P) (2)'!N65) -> 132 | O65: =SUM('7.4 (L) (2)'!O65,'7.4 (P) (2)'!O65) -> 75 | P65: =SUM('7.4 (L) (2)'!P65,'7.4 (P) (2)'!P65) -> 37 | Q65: =SUM('7.4 (L) (2)'!Q65,'7.4 (P) (2)'!Q65) -> 15
D66: 2023 | E66: =SUM('7.4 (L) (2)'!E66,'7.4 (P) (2)'!E66) -> 1 | F66: =SUM('7.4 (L) (2)'!F66,'7.4 (P) (2)'!F66) -> 8 | G66: =SUM('7.4 (L) (2)'!G66,'7.4 (P) (2)'!G66) -> 9 | H66: =SUM('7.4 (L) (2)'!H66,'7.4 (P) (2)'!H66) -> 9 | I66: =SUM('7.4 (L) (2)'!I66,'7.4 (P) (2)'!I66) -> 5 | J66: =SUM('7.4 (L) (2)'!J66,'7.4 (P) (2)'!J66) -> 4 | L66: =SUM('7.4 (L) (2)'!L66,'7.4 (P) (2)'!L66) -> 32 | M66: =SUM('7.4 (L) (2)'!M66,'7.4 (P) (2)'!M66) -> 204 | N66: =SUM('7.4 (L) (2)'!N66,'7.4 (P) (2)'!N66) -> 224 | O66: =SUM('7.4 (L) (2)'!O66,'7.4 (P) (2)'!O66) -> 131 | P66: =SUM('7.4 (L) (2)'!P66,'7.4 (P) (2)'!P66) -> 68 | Q66: =SUM('7.4 (L) (2)'!Q66,'7.4 (P) (2)'!Q66) -> 24
B68: Sarawak | D68: 2021 | E68: =SUM('7.4 (L) (2)'!E68,'7.4 (P) (2)'!E68) -> 5 | F68: =SUM('7.4 (L) (2)'!F68,'7.4 (P) (2)'!F68) -> 30 | G68: =SUM('7.4 (L) (2)'!G68,'7.4 (P) (2)'!G68) -> 24 | H68: =SUM('7.4 (L) (2)'!H68,'7.4 (P) (2)'!H68) -> 24 | I68: =SUM('7.4 (L) (2)'!I68,'7.4 (P) (2)'!I68) -> 11 | J68: =SUM('7.4 (L) (2)'!J68,'7.4 (P) (2)'!J68) -> 10 | L68: =SUM('7.4 (L) (2)'!L68,'7.4 (P) (2)'!L68) -> 98 | M68: =SUM('7.4 (L) (2)'!M68,'7.4 (P) (2)'!M68) -> 290 | N68: =SUM('7.4 (L) (2)'!N68,'7.4 (P) (2)'!N68) -> 201 | O68: =SUM('7.4 (L) (2)'!O68,'7.4 (P) (2)'!O68) -> 140 | P68: =SUM('7.4 (L) (2)'!P68,'7.4 (P) (2)'!P68) -> 43 | Q68: =SUM('7.4 (L) (2)'!Q68,'7.4 (P) (2)'!Q68) -> 14
D69: 2022 | E69: =SUM('7.4 (L) (2)'!E69,'7.4 (P) (2)'!E69) -> 2 | F69: =SUM('7.4 (L) (2)'!F69,'7.4 (P) (2)'!F69) -> 7 | G69: =SUM('7.4 (L) (2)'!G69,'7.4 (P) (2)'!G69) -> 8 | H69: =SUM('7.4 (L) (2)'!H69,'7.4 (P) (2)'!H69) -> 15 | I69: =SUM('7.4 (L) (2)'!I69,'7.4 (P) (2)'!I69) -> 8 | J69: =SUM('7.4 (L) (2)'!J69,'7.4 (P) (2)'!J69) -> 9 | L69: =SUM('7.4 (L) (2)'!L69,'7.4 (P) (2)'!L69) -> 89 | M69: =SUM('7.4 (L) (2)'!M69,'7.4 (P) (2)'!M69) -> 261 | N69: =SUM('7.4 (L) (2)'!N69,'7.4 (P) (2)'!N69) -> 213 | O69: =SUM('7.4 (L) (2)'!O69,'7.4 (P) (2)'!O69) -> 114 | P69: =SUM('7.4 (L) (2)'!P69,'7.4 (P) (2)'!P69) -> 52 | Q69: =SUM('7.4 (L) (2)'!Q69,'7.4 (P) (2)'!Q69) -> 16
D70: 2023 | E70: =SUM('7.4 (L) (2)'!E70,'7.4 (P) (2)'!E70) -> 1 | F70: =SUM('7.4 (L) (2)'!F70,'7.4 (P) (2)'!F70) -> 14 | G70: =SUM('7.4 (L) (2)'!G70,'7.4 (P) (2)'!G70) -> 6 | H70: =SUM('7.4 (L) (2)'!H70,'7.4 (P) (2)'!H70) -> 15 | I70: =SUM('7.4 (L) (2)'!I70,'7.4 (P) (2)'!I70) -> 14 | J70: =SUM('7.4 (L) (2)'!J70,'7.4 (P) (2)'!J70) -> 8 | L70: =SUM('7.4 (L) (2)'!L70,'7.4 (P) (2)'!L70) -> 78 | M70: =SUM('7.4 (L) (2)'!M70,'7.4 (P) (2)'!M70) -> 280 | N70: =SUM('7.4 (L) (2)'!N70,'7.4 (P) (2)'!N70) -> 252 | O70: =SUM('7.4 (L) (2)'!O70,'7.4 (P) (2)'!O70) -> 182 | P70: =SUM('7.4 (L) (2)'!P70,'7.4 (P) (2)'!P70) -> 99 | Q70: =SUM('7.4 (L) (2)'!Q70,'7.4 (P) (2)'!Q70) -> 17
B72: W.P. Kuala Lumpur | D72: 2021 | E72: =SUM('7.4 (L) (2)'!E72,'7.4 (P) (2)'!E72) -> 4 | F72: =SUM('7.4 (L) (2)'!F72,'7.4 (P) (2)'!F72) -> 54 | G72: =SUM('7.4 (L) (2)'!G72,'7.4 (P) (2)'!G72) -> 64 | H72: =SUM('7.4 (L) (2)'!H72,'7.4 (P) (2)'!H72) -> 47 | I72: =SUM('7.4 (L) (2)'!I72,'7.4 (P) (2)'!I72) -> 23 | J72: =SUM('7.4 (L) (2)'!J72,'7.4 (P) (2)'!J72) -> 24 | L72: =SUM('7.4 (L) (2)'!L72,'7.4 (P) (2)'!L72) -> 94 | M72: =SUM('7.4 (L) (2)'!M72,'7.4 (P) (2)'!M72) -> 466 | N72: =SUM('7.4 (L) (2)'!N72,'7.4 (P) (2)'!N72) -> 275 | O72: =SUM('7.4 (L) (2)'!O72,'7.4 (P) (2)'!O72) -> 158 | P72: =SUM('7.4 (L) (2)'!P72,'7.4 (P) (2)'!P72) -> 57 | Q72: =SUM('7.4 (L) (2)'!Q72,'7.4 (P) (2)'!Q72) -> 18
D73: 2022 | E73: =SUM('7.4 (L) (2)'!E73,'7.4 (P) (2)'!E73) -> 2 | F73: =SUM('7.4 (L) (2)'!F73,'7.4 (P) (2)'!F73) -> 34 | G73: =SUM('7.4 (L) (2)'!G73,'7.4 (P) (2)'!G73) -> 22 | H73: =SUM('7.4 (L) (2)'!H73,'7.4 (P) (2)'!H73) -> 24 | I73: =SUM('7.4 (L) (2)'!I73,'7.4 (P) (2)'!I73) -> 13 | J73: =SUM('7.4 (L) (2)'!J73,'7.4 (P) (2)'!J73) -> 16 | L73: =SUM('7.4 (L) (2)'!L73,'7.4 (P) (2)'!L73) -> 95 | M73: =SUM('7.4 (L) (2)'!M73,'7.4 (P) (2)'!M73) -> 565 | N73: =SUM('7.4 (L) (2)'!N73,'7.4 (P) (2)'!N73) -> 406 | O73: =SUM('7.4 (L) (2)'!O73,'7.4 (P) (2)'!O73) -> 180 | P73: =SUM('7.4 (L) (2)'!P73,'7.4 (P) (2)'!P73) -> 70 | Q73: =SUM('7.4 (L) (2)'!Q73,'7.4 (P) (2)'!Q73) -> 12
D74: 2023 | E74: =SUM('7.4 (L) (2)'!E74,'7.4 (P) (2)'!E74) -> 2 | F74: =SUM('7.4 (L) (2)'!F74,'7.4 (P) (2)'!F74) -> 27 | G74: =SUM('7.4 (L) (2)'!G74,'7.4 (P) (2)'!G74) -> 30 | H74: =SUM('7.4 (L) (2)'!H74,'7.4 (P) (2)'!H74) -> 27 | I74: =SUM('7.4 (L) (2)'!I74,'7.4 (P) (2)'!I74) -> 21 | J74: =SUM('7.4 (L) (2)'!J74,'7.4 (P) (2)'!J74) -> 18 | L74: =SUM('7.4 (L) (2)'!L74,'7.4 (P) (2)'!L74) -> 87 | M74: =SUM('7.4 (L) (2)'!M74,'7.4 (P) (2)'!M74) -> 474 | N74: =SUM('7.4 (L) (2)'!N74,'7.4 (P) (2)'!N74) -> 369 | O74: =SUM('7.4 (L) (2)'!O74,'7.4 (P) (2)'!O74) -> 203 | P74: =SUM('7.4 (L) (2)'!P74,'7.4 (P) (2)'!P74) -> 73 | Q74: =SUM('7.4 (L) (2)'!Q74,'7.4 (P) (2)'!Q74) -> 35
R76: Sumber: Polis Diraja Malaysia
R77: Source: Royal Malaysia Police

Sheet 7.3 (samb3)
R2: JENAYAH KOMERSIAL
R3: COMMERCIAL CRIMES
B5: Jadual 7.3 | C5: : Statistik mangsa jenayah dalam talian mengikut negeri dan kumpulan umur, Malaysia, 2021–2023 (samb.)
B6: Table 7.3 | C6: : Statistics of victims for online crime by state and age group, Malaysia, 2021–2023 (cont'd)
B10: Negeri | D10: Tahun | E10: Pinjaman tidak wujud | L10: Pelaburan tidak wujud
B11: State | D11: Year | E11: Non-existent loans | L11: Non-existent investments
E13: 15-20 | F13: 21-30 | G13: 31-40 | H13: 41-50 | I13: 51-60 | J13: ≥61 | L13: 15-20 | M13: 21-30 | N13: 31-40 | O13: 41-50 | P13: 51-60 | Q13: ≥61
B16: MALAYSIA | D16: 2021 | E16: =SUM('7.4 (L) (3)'!E16,'7.4 (P) (3)'!E16) -> 325 | F16: =SUM('7.4 (L) (3)'!F16,'7.4 (P) (3)'!F16) -> 1939 | G16: =SUM('7.4 (L) (3)'!G16,'7.4 (P) (3)'!G16) -> 1330 | H16: =SUM('7.4 (L) (3)'!H16,'7.4 (P) (3)'!H16) -> 721 | I16: =SUM('7.4 (L) (3)'!I16,'7.4 (P) (3)'!I16) -> 326 | J16: =SUM('7.4 (L) (3)'!J16,'7.4 (P) (3)'!J16) -> 143 | L16: =SUM('7.4 (L) (3)'!L16,'7.4 (P) (3)'!L16) -> 139 | M16: =SUM('7.4 (L) (3)'!M16,'7.4 (P) (3)'!M16) -> 940 | N16: =SUM('7.4 (L) (3)'!N16,'7.4 (P) (3)'!N16) -> 834 | O16: =SUM('7.4 (L) (3)'!O16,'7.4 (P) (3)'!O16) -> 645 | P16: =SUM('7.4 (L) (3)'!P16,'7.4 (P) (3)'!P16) -> 463 | Q16: =SUM('7.4 (L) (3)'!Q16,'7.4 (P) (3)'!Q16) -> 174
D17: 2022 | E17: =SUM('7.4 (L) (3)'!E17,'7.4 (P) (3)'!E17) -> 139 | F17: =SUM('7.4 (L) (3)'!F17,'7.4 (P) (3)'!F17) -> 1324 | G17: =SUM('7.4 (L) (3)'!G17,'7.4 (P) (3)'!G17) -> 975 | H17: =SUM('7.4 (L) (3)'!H17,'7.4 (P) (3)'!H17) -> 462 | I17: =SUM('7.4 (L) (3)'!I17,'7.4 (P) (3)'!I17) -> 174 | J17: =SUM('7.4 (L) (3)'!J17,'7.4 (P) (3)'!J17) -> 100 | L17: =SUM('7.4 (L) (3)'!L17,'7.4 (P) (3)'!L17) -> 117 | M17: =SUM('7.4 (L) (3)'!M17,'7.4 (P) (3)'!M17) -> 762 | N17: =SUM('7.4 (L) (3)'!N17,'7.4 (P) (3)'!N17) -> 965 | O17: =SUM('7.4 (L) (3)'!O17,'7.4 (P) (3)'!O17) -> 718 | P17: =SUM('7.4 (L) (3)'!P17,'7.4 (P) (3)'!P17) -> 467 | Q17: =SUM('7.4 (L) (3)'!Q17,'7.4 (P) (3)'!Q17) -> 237
D18: 2023 | E18: =SUM('7.4 (L) (3)'!E18,'7.4 (P) (3)'!E18) -> 136 | F18: =SUM('7.4 (L) (3)'!F18,'7.4 (P) (3)'!F18) -> 1534 | G18: =SUM('7.4 (L) (3)'!G18,'7.4 (P) (3)'!G18) -> 1369 | H18: =SUM('7.4 (L) (3)'!H18,'7.4 (P) (3)'!H18) -> 741 | I18: =SUM('7.4 (L) (3)'!I18,'7.4 (P) (3)'!I18) -> 333 | J18: =SUM('7.4 (L) (3)'!J18,'7.4 (P) (3)'!J18) -> 150 | L18: =SUM('7.4 (L) (3)'!L18,'7.4 (P) (3)'!L18) -> 159 | M18: =SUM('7.4 (L) (3)'!M18,'7.4 (P) (3)'!M18) -> 993 | N18: =SUM('7.4 (L) (3)'!N18,'7.4 (P) (3)'!N18) -> 1362 | O18: =SUM('7.4 (L) (3)'!O18,'7.4 (P) (3)'!O18) -> 1150 | P18: =SUM('7.4 (L) (3)'!P18,'7.4 (P) (3)'!P18) -> 1002 | Q18: =SUM('7.4 (L) (3)'!Q18,'7.4 (P) (3)'!Q18) -> 720
B20: Johor | D20: 2021 | E20: =SUM('7.4 (L) (3)'!E20,'7.4 (P) (3)'!E20) -> 34 | F20: =SUM('7.4 (L) (3)'!F20,'7.4 (P) (3)'!F20) -> 200 | G20: =SUM('7.4 (L) (3)'!G20,'7.4 (P) (3)'!G20) -> 145 | H20: =SUM('7.4 (L) (3)'!H20,'7.4 (P) (3)'!H20) -> 87 | I20: =SUM('7.4 (L) (3)'!I20,'7.4 (P) (3)'!I20) -> 38 | J20: =SUM('7.4 (L) (3)'!J20,'7.4 (P) (3)'!J20) -> 11 | L20: =SUM('7.4 (L) (3)'!L20,'7.4 (P) (3)'!L20) -> 19 | M20: =SUM('7.4 (L) (3)'!M20,'7.4 (P) (3)'!M20) -> 120 | N20: =SUM('7.4 (L) (3)'!N20,'7.4 (P) (3)'!N20) -> 101 | O20: =SUM('7.4 (L) (3)'!O20,'7.4 (P) (3)'!O20) -> 76 | P20: =SUM('7.4 (L) (3)'!P20,'7.4 (P) (3)'!P20) -> 50 | Q20: =SUM('7.4 (L) (3)'!Q20,'7.4 (P) (3)'!Q20) -> 17
D21: 2022 | E21: =SUM('7.4 (L) (3)'!E21,'7.4 (P) (3)'!E21) -> 18 | F21: =SUM('7.4 (L) (3)'!F21,'7.4 (P) (3)'!F21) -> 138 | G21: =SUM('7.4 (L) (3)'!G21,'7.4 (P) (3)'!G21) -> 75 | H21: =SUM('7.4 (L) (3)'!H21,'7.4 (P) (3)'!H21) -> 48 | I21: =SUM('7.4 (L) (3)'!I21,'7.4 (P) (3)'!I21) -> 13 | J21: =SUM('7.4 (L) (3)'!J21,'7.4 (P) (3)'!J21) -> 7 | L21: =SUM('7.4 (L) (3)'!L21,'7.4 (P) (3)'!L21) -> 8 | M21: =SUM('7.4 (L) (3)'!M21,'7.4 (P) (3)'!M21) -> 76 | N21: =SUM('7.4 (L) (3)'!N21,'7.4 (P) (3)'!N21) -> 69 | O21: =SUM('7.4 (L) (3)'!O21,'7.4 (P) (3)'!O21) -> 81 | P21: =SUM('7.4 (L) (3)'!P21,'7.4 (P) (3)'!P21) -> 47 | Q21: =SUM('7.4 (L) (3)'!Q21,'7.4 (P) (3)'!Q21) -> 25
D22: 2023 | E22: =SUM('7.4 (L) (3)'!E22,'7.4 (P) (3)'!E22) -> 18 | F22: =SUM('7.4 (L) (3)'!F22,'7.4 (P) (3)'!F22) -> 205 | G22: =SUM('7.4 (L) (3)'!G22,'7.4 (P) (3)'!G22) -> 149 | H22: =SUM('7.4 (L) (3)'!H22,'7.4 (P) (3)'!H22) -> 89 | I22: =SUM('7.4 (L) (3)'!I22,'7.4 (P) (3)'!I22) -> 38 | J22: =SUM('7.4 (L) (3)'!J22,'7.4 (P) (3)'!J22) -> 12 | L22: =SUM('7.4 (L) (3)'!L22,'7.4 (P) (3)'!L22) -> 20 | M22: =SUM('7.4 (L) (3)'!M22,'7.4 (P) (3)'!M22) -> 122 | N22: =SUM('7.4 (L) (3)'!N22,'7.4 (P) (3)'!N22) -> 156 | O22: =SUM('7.4 (L) (3)'!O22,'7.4 (P) (3)'!O22) -> 133 | P22: =SUM('7.4 (L) (3)'!P22,'7.4 (P) (3)'!P22) -> 115 | Q22: =SUM('7.4 (L) (3)'!Q22,'7.4 (P) (3)'!Q22) -> 70
B24: Kedah | D24: 2021 | E24: =SUM('7.4 (L) (3)'!E24,'7.4 (P) (3)'!E24) -> 27 | F24: =SUM('7.4 (L) (3)'!F24,'7.4 (P) (3)'!F24) -> 123 | G24: =SUM('7.4 (L) (3)'!G24,'7.4 (P) (3)'!G24) -> 87 | H24: =SUM('7.4 (L) (3)'!H24,'7.4 (P) (3)'!H24) -> 32 | I24: =SUM('7.4 (L) (3)'!I24,'7.4 (P) (3)'!I24) -> 23 | J24: =SUM('7.4 (L) (3)'!J24,'7.4 (P) (3)'!J24) -> 7 | L24: =SUM('7.4 (L) (3)'!L24,'7.4 (P) (3)'!L24) -> 11 | M24: =SUM('7.4 (L) (3)'!M24,'7.4 (P) (3)'!M24) -> 61 | N24: =SUM('7.4 (L) (3)'!N24,'7.4 (P) (3)'!N24) -> 66 | O24: =SUM('7.4 (L) (3)'!O24,'7.4 (P) (3)'!O24) -> 46 | P24: =SUM('7.4 (L) (3)'!P24,'7.4 (P) (3)'!P24) -> 23 | Q24: =SUM('7.4 (L) (3)'!Q24,'7.4 (P) (3)'!Q24) -> 13
D25: 2022 | E25: =SUM('7.4 (L) (3)'!E25,'7.4 (P) (3)'!E25) -> 16 | F25: =SUM('7.4 (L) (3)'!F25,'7.4 (P) (3)'!F25) -> 97 | G25: =SUM('7.4 (L) (3)'!G25,'7.4 (P) (3)'!G25) -> 58 | H25: =SUM('7.4 (L) (3)'!H25,'7.4 (P) (3)'!H25) -> 28 | I25: =SUM('7.4 (L) (3)'!I25,'7.4 (P) (3)'!I25) -> 13 | J25: =SUM('7.4 (L) (3)'!J25,'7.4 (P) (3)'!J25) -> 4 | L25: =SUM('7.4 (L) (3)'!L25,'7.4 (P) (3)'!L25) -> 7 | M25: =SUM('7.4 (L) (3)'!M25,'7.4 (P) (3)'!M25) -> 57 | N25: =SUM('7.4 (L) (3)'!N25,'7.4 (P) (3)'!N25) -> 66 | O25: =SUM('7.4 (L) (3)'!O25,'7.4 (P) (3)'!O25) -> 51 | P25: =SUM('7.4 (L) (3)'!P25,'7.4 (P) (3)'!P25) -> 33 | Q25: =SUM('7.4 (L) (3)'!Q25,'7.4 (P) (3)'!Q25) -> 16
D26: 2023 | E26: =SUM('7.4 (L) (3)'!E26,'7.4 (P) (3)'!E26) -> 13 | F26: =SUM('7.4 (L) (3)'!F26,'7.4 (P) (3)'!F26) -> 116 | G26: =SUM('7.4 (L) (3)'!G26,'7.4 (P) (3)'!G26) -> 74 | H26: =SUM('7.4 (L) (3)'!H26,'7.4 (P) (3)'!H26) -> 48 | I26: =SUM('7.4 (L) (3)'!I26,'7.4 (P) (3)'!I26) -> 21 | J26: =SUM('7.4 (L) (3)'!J26,'7.4 (P) (3)'!J26) -> 9 | L26: =SUM('7.4 (L) (3)'!L26,'7.4 (P) (3)'!L26) -> 12 | M26: =SUM('7.4 (L) (3)'!M26,'7.4 (P) (3)'!M26) -> 57 | N26: =SUM('7.4 (L) (3)'!N26,'7.4 (P) (3)'!N26) -> 76 | O26: =SUM('7.4 (L) (3)'!O26,'7.4 (P) (3)'!O26) -> 72 | P26: =SUM('7.4 (L) (3)'!P26,'7.4 (P) (3)'!P26) -> 63 | Q26: =SUM('7.4 (L) (3)'!Q26,'7.4 (P) (3)'!Q26) -> 46
B28: Kelantan | D28: 2021 | E28: =SUM('7.4 (L) (3)'!E28,'7.4 (P) (3)'!E28) -> 6 | F28: =SUM('7.4 (L) (3)'!F28,'7.4 (P) (3)'!F28) -> 46 | G28: =SUM('7.4 (L) (3)'!G28,'7.4 (P) (3)'!G28) -> 32 | H28: =SUM('7.4 (L) (3)'!H28,'7.4 (P) (3)'!H28) -> 28 | I28: =SUM('7.4 (L) (3)'!I28,'7.4 (P) (3)'!I28) -> 13 | J28: =SUM('7.4 (L) (3)'!J28,'7.4 (P) (3)'!J28) -> 5 | L28: =SUM('7.4 (L) (3)'!L28,'7.4 (P) (3)'!L28) -> 3 | M28: =SUM('7.4 (L) (3)'!M28,'7.4 (P) (3)'!M28) -> 19 | N28: =SUM('7.4 (L) (3)'!N28,'7.4 (P) (3)'!N28) -> 27 | O28: =SUM('7.4 (L) (3)'!O28,'7.4 (P) (3)'!O28) -> 21 | P28: =SUM('7.4 (L) (3)'!P28,'7.4 (P) (3)'!P28) -> 16 | Q28: =SUM('7.4 (L) (3)'!Q28,'7.4 (P) (3)'!Q28) -> 4
D29: 2022 | E29: =SUM('7.4 (L) (3)'!E29,'7.4 (P) (3)'!E29) -> 10 | F29: =SUM('7.4 (L) (3)'!F29,'7.4 (P) (3)'!F29) -> 44 | G29: =SUM('7.4 (L) (3)'!G29,'7.4 (P) (3)'!G29) -> 36 | H29: =SUM('7.4 (L) (3)'!H29,'7.4 (P) (3)'!H29) -> 10 | I29: =SUM('7.4 (L) (3)'!I29,'7.4 (P) (3)'!I29) -> 5 | J29: =SUM('7.4 (L) (3)'!J29,'7.4 (P) (3)'!J29) -> 4 | L29: =SUM('7.4 (L) (3)'!L29,'7.4 (P) (3)'!L29) -> 8 | M29: =SUM('7.4 (L) (3)'!M29,'7.4 (P) (3)'!M29) -> 35 | N29: =SUM('7.4 (L) (3)'!N29,'7.4 (P) (3)'!N29) -> 32 | O29: =SUM('7.4 (L) (3)'!O29,'7.4 (P) (3)'!O29) -> 26 | P29: =SUM('7.4 (L) (3)'!P29,'7.4 (P) (3)'!P29) -> 22 | Q29: =SUM('7.4 (L) (3)'!Q29,'7.4 (P) (3)'!Q29) -> 12
D30: 2023 | E30: =SUM('7.4 (L) (3)'!E30,'7.4 (P) (3)'!E30) -> 4 | F30: =SUM('7.4 (L) (3)'!F30,'7.4 (P) (3)'!F30) -> 40 | G30: =SUM('7.4 (L) (3)'!G30,'7.4 (P) (3)'!G30) -> 22 | H30: =SUM('7.4 (L) (3)'!H30,'7.4 (P) (3)'!H30) -> 12 | I30: =SUM('7.4 (L) (3)'!I30,'7.4 (P) (3)'!I30) -> 8 | J30: =SUM('7.4 (L) (3)'!J30,'7.4 (P) (3)'!J30) -> 9 | L30: =SUM('7.4 (L) (3)'!L30,'7.4 (P) (3)'!L30) -> 6 | M30: =SUM('7.4 (L) (3)'!M30,'7.4 (P) (3)'!M30) -> 21 | N30: =SUM('7.4 (L) (3)'!N30,'7.4 (P) (3)'!N30) -> 39 | O30: =SUM('7.4 (L) (3)'!O30,'7.4 (P) (3)'!O30) -> 34 | P30: =SUM('7.4 (L) (3)'!P30,'7.4 (P) (3)'!P30) -> 26 | Q30: =SUM('7.4 (L) (3)'!Q30,'7.4 (P) (3)'!Q30) -> 22
B32: Melaka | D32: 2021 | E32: =SUM('7.4 (L) (3)'!E32,'7.4 (P) (3)'!E32) -> 20 | F32: =SUM('7.4 (L) (3)'!F32,'7.4 (P) (3)'!F32) -> 100 | G32: =SUM('7.4 (L) (3)'!G32,'7.4 (P) (3)'!G32) -> 55 | H32: =SUM('7.4 (L) (3)'!H32,'7.4 (P) (3)'!H32) -> 24 | I32: =SUM('7.4 (L) (3)'!I32,'7.4 (P) (3)'!I32) -> 10 | J32: =SUM('7.4 (L) (3)'!J32,'7.4 (P) (3)'!J32) -> 3 | L32: =SUM('7.4 (L) (3)'!L32,'7.4 (P) (3)'!L32) -> 5 | M32: =SUM('7.4 (L) (3)'!M32,'7.4 (P) (3)'!M32) -> 40 | N32: =SUM('7.4 (L) (3)'!N32,'7.4 (P) (3)'!N32) -> 47 | O32: =SUM('7.4 (L) (3)'!O32,'7.4 (P) (3)'!O32) -> 34 | P32: =SUM('7.4 (L) (3)'!P32,'7.4 (P) (3)'!P32) -> 24 | Q32: =SUM('7.4 (L) (3)'!Q32,'7.4 (P) (3)'!Q32) -> 13
D33: 2022 | E33: =SUM('7.4 (L) (3)'!E33,'7.4 (P) (3)'!E33) -> 6 | F33: =SUM('7.4 (L) (3)'!F33,'7.4 (P) (3)'!F33) -> 81 | G33: =SUM('7.4 (L) (3)'!G33,'7.4 (P) (3)'!G33) -> 58 | H33: =SUM('7.4 (L) (3)'!H33,'7.4 (P) (3)'!H33) -> 23 | I33: =SUM('7.4 (L) (3)'!I33,'7.4 (P) (3)'!I33) -> 8 | J33: =SUM('7.4 (L) (3)'!J33,'7.4 (P) (3)'!J33) -> 4 | L33: =SUM('7.4 (L) (3)'!L33,'7.4 (P) (3)'!L33) -> 9 | M33: =SUM('7.4 (L) (3)'!M33,'7.4 (P) (3)'!M33) -> 46 | N33: =SUM('7.4 (L) (3)'!N33,'7.4 (P) (3)'!N33) -> 50 | O33: =SUM('7.4 (L) (3)'!O33,'7.4 (P) (3)'!O33) -> 33 | P33: =SUM('7.4 (L) (3)'!P33,'7.4 (P) (3)'!P33) -> 28 | Q33: =SUM('7.4 (L) (3)'!Q33,'7.4 (P) (3)'!Q33) -> 14
D34: 2023 | E34: =SUM('7.4 (L) (3)'!E34,'7.4 (P) (3)'!E34) -> 3 | F34: =SUM('7.4 (L) (3)'!F34,'7.4 (P) (3)'!F34) -> 111 | G34: =SUM('7.4 (L) (3)'!G34,'7.4 (P) (3)'!G34) -> 85 | H34: =SUM('7.4 (L) (3)'!H34,'7.4 (P) (3)'!H34) -> 33 | I34: =SUM('7.4 (L) (3)'!I34,'7.4 (P) (3)'!I34) -> 19 | J34: =SUM('7.4 (L) (3)'!J34,'7.4 (P) (3)'!J34) -> 8 | L34: =SUM('7.4 (L) (3)'!L34,'7.4 (P) (3)'!L34) -> 8 | M34: =SUM('7.4 (L) (3)'!M34,'7.4 (P) (3)'!M34) -> 57 | N34: =SUM('7.4 (L) (3)'!N34,'7.4 (P) (3)'!N34) -> 87 | O34: =SUM('7.4 (L) (3)'!O34,'7.4 (P) (3)'!O34) -> 51 | P34: =SUM('7.4 (L) (3)'!P34,'7.4 (P) (3)'!P34) -> 59 | Q34: =SUM('7.4 (L) (3)'!Q34,'7.4 (P) (3)'!Q34) -> 34
B36: Negeri Sembilan | D36: 2021 | E36: =SUM('7.4 (L) (3)'!E36,'7.4 (P) (3)'!E36) -> 30 | F36: =SUM('7.4 (L) (3)'!F36,'7.4 (P) (3)'!F36) -> 184 | G36: =SUM('7.4 (L) (3)'!G36,'7.4 (P) (3)'!G36) -> 112 | H36: =SUM('7.4 (L) (3)'!H36,'7.4 (P) (3)'!H36) -> 69 | I36: =SUM('7.4 (L) (3)'!I36,'7.4 (P) (3)'!I36) -> 36 | J36: =SUM('7.4 (L) (3)'!J36,'7.4 (P) (3)'!J36) -> 10 | L36: =SUM('7.4 (L) (3)'!L36,'7.4 (P) (3)'!L36) -> 13 | M36: =SUM('7.4 (L) (3)'!M36,'7.4 (P) (3)'!M36) -> 66 | N36: =SUM('7.4 (L) (3)'!N36,'7.4 (P) (3)'!N36) -> 60 | O36: =SUM('7.4 (L) (3)'!O36,'7.4 (P) (3)'!O36) -> 45 | P36: =SUM('7.4 (L) (3)'!P36,'7.4 (P) (3)'!P36) -> 30 | Q36: =SUM('7.4 (L) (3)'!Q36,'7.4 (P) (3)'!Q36) -> 17
D37: 2022 | E37: =SUM('7.4 (L) (3)'!E37,'7.4 (P) (3)'!E37) -> 17 | F37: =SUM('7.4 (L) (3)'!F37,'7.4 (P) (3)'!F37) -> 140 | G37: =SUM('7.4 (L) (3)'!G37,'7.4 (P) (3)'!G37) -> 90 | H37: =SUM('7.4 (L) (3)'!H37,'7.4 (P) (3)'!H37) -> 49 | I37: =SUM('7.4 (L) (3)'!I37,'7.4 (P) (3)'!I37) -> 28 | J37: =SUM('7.4 (L) (3)'!J37,'7.4 (P) (3)'!J37) -> 12 | L37: =SUM('7.4 (L) (3)'!L37,'7.4 (P) (3)'!L37) -> 13 | M37: =SUM('7.4 (L) (3)'!M37,'7.4 (P) (3)'!M37) -> 80 | N37: =SUM('7.4 (L) (3)'!N37,'7.4 (P) (3)'!N37) -> 94 | O37: =SUM('7.4 (L) (3)'!O37,'7.4 (P) (3)'!O37) -> 60 | P37: =SUM('7.4 (L) (3)'!P37,'7.4 (P) (3)'!P37) -> 49 | Q37: =SUM('7.4 (L) (3)'!Q37,'7.4 (P) (3)'!Q37) -> 28
D38: 2023 | E38: =SUM('7.4 (L) (3)'!E38,'7.4 (P) (3)'!E38) -> 9 | F38: =SUM('7.4 (L) (3)'!F38,'7.4 (P) (3)'!F38) -> 124 | G38: =SUM('7.4 (L) (3)'!G38,'7.4 (P) (3)'!G38) -> 117 | H38: =SUM('7.4 (L) (3)'!H38,'7.4 (P) (3)'!H38) -> 77 | I38: =SUM('7.4 (L) (3)'!I38,'7.4 (P) (3)'!I38) -> 39 | J38: =SUM('7.4 (L) (3)'!J38,'7.4 (P) (3)'!J38) -> 23 | L38: =SUM('7.4 (L) (3)'!L38,'7.4 (P) (3)'!L38) -> 9 | M38: =SUM('7.4 (L) (3)'!M38,'7.4 (P) (3)'!M38) -> 71 | N38: =SUM('7.4 (L) (3)'!N38,'7.4 (P) (3)'!N38) -> 104 | O38: =SUM('7.4 (L) (3)'!O38,'7.4 (P) (3)'!O38) -> 80 | P38: =SUM('7.4 (L) (3)'!P38,'7.4 (P) (3)'!P38) -> 70 | Q38: =SUM('7.4 (L) (3)'!Q38,'7.4 (P) (3)'!Q38) -> 65
B40: Pahang | D40: 2021 | E40: =SUM('7.4 (L) (3)'!E40,'7.4 (P) (3)'!E40) -> 30 | F40: =SUM('7.4 (L) (3)'!F40,'7.4 (P) (3)'!F40) -> 132 | G40: =SUM('7.4 (L) (3)'!G40,'7.4 (P) (3)'!G40) -> 86 | H40: =SUM('7.4 (L) (3)'!H40,'7.4 (P) (3)'!H40) -> 44 | I40: =SUM('7.4 (L) (3)'!I40,'7.4 (P) (3)'!I40) -> 23 | J40: =SUM('7.4 (L) (3)'!J40,'7.4 (P) (3)'!J40) -> 15 | L40: =SUM('7.4 (L) (3)'!L40,'7.4 (P) (3)'!L40) -> 11 | M40: =SUM('7.4 (L) (3)'!M40,'7.4 (P) (3)'!M40) -> 44 | N40: =SUM('7.4 (L) (3)'!N40,'7.4 (P) (3)'!N40) -> 39 | O40: =SUM('7.4 (L) (3)'!O40,'7.4 (P) (3)'!O40) -> 28 | P40: =SUM('7.4 (L) (3)'!P40,'7.4 (P) (3)'!P40) -> 27 | Q40: =SUM('7.4 (L) (3)'!Q40,'7.4 (P) (3)'!Q40) -> 12
D41: 2022 | E41: =SUM('7.4 (L) (3)'!E41,'7.4 (P) (3)'!E41) -> 9 | F41: =SUM('7.4 (L) (3)'!F41,'7.4 (P) (3)'!F41) -> 108 | G41: =SUM('7.4 (L) (3)'!G41,'7.4 (P) (3)'!G41) -> 75 | H41: =SUM('7.4 (L) (3)'!H41,'7.4 (P) (3)'!H41) -> 41 | I41: =SUM('7.4 (L) (3)'!I41,'7.4 (P) (3)'!I41) -> 12 | J41: =SUM('7.4 (L) (3)'!J41,'7.4 (P) (3)'!J41) -> 8 | L41: =SUM('7.4 (L) (3)'!L41,'7.4 (P) (3)'!L41) -> 8 | M41: =SUM('7.4 (L) (3)'!M41,'7.4 (P) (3)'!M41) -> 59 | N41: =SUM('7.4 (L) (3)'!N41,'7.4 (P) (3)'!N41) -> 76 | O41: =SUM('7.4 (L) (3)'!O41,'7.4 (P) (3)'!O41) -> 58 | P41: =SUM('7.4 (L) (3)'!P41,'7.4 (P) (3)'!P41) -> 27 | Q41: =SUM('7.4 (L) (3)'!Q41,'7.4 (P) (3)'!Q41) -> 15
D42: 2023 | E42: =SUM('7.4 (L) (3)'!E42,'7.4 (P) (3)'!E42) -> 21 | F42: =SUM('7.4 (L) (3)'!F42,'7.4 (P) (3)'!F42) -> 111 | G42: =SUM('7.4 (L) (3)'!G42,'7.4 (P) (3)'!G42) -> 111 | H42: =SUM('7.4 (L) (3)'!H42,'7.4 (P) (3)'!H42) -> 49 | I42: =SUM('7.4 (L) (3)'!I42,'7.4 (P) (3)'!I42) -> 24 | J42: =SUM('7.4 (L) (3)'!J42,'7.4 (P) (3)'!J42) -> 6 | L42: =SUM('7.4 (L) (3)'!L42,'7.4 (P) (3)'!L42) -> 19 | M42: =SUM('7.4 (L) (3)'!M42,'7.4 (P) (3)'!M42) -> 74 | N42: =SUM('7.4 (L) (3)'!N42,'7.4 (P) (3)'!N42) -> 105 | O42: =SUM('7.4 (L) (3)'!O42,'7.4 (P) (3)'!O42) -> 53 | P42: =SUM('7.4 (L) (3)'!P42,'7.4 (P) (3)'!P42) -> 61 | Q42: =SUM('7.4 (L) (3)'!Q42,'7.4 (P) (3)'!Q42) -> 49
B44: Pulau Pinang | D44: 2021 | E44: =SUM('7.4 (L) (3)'!E44,'7.4 (P) (3)'!E44) -> 20 | F44: =SUM('7.4 (L) (3)'!F44,'7.4 (P) (3)'!F44) -> 180 | G44: =SUM('7.4 (L) (3)'!G44,'7.4 (P) (3)'!G44) -> 107 | H44: =SUM('7.4 (L) (3)'!H44,'7.4 (P) (3)'!H44) -> 65 | I44: =SUM('7.4 (L) (3)'!I44,'7.4 (P) (3)'!I44) -> 24 | J44: =SUM('7.4 (L) (3)'!J44,'7.4 (P) (3)'!J44) -> 9 | L44: =SUM('7.4 (L) (3)'!L44,'7.4 (P) (3)'!L44) -> 17 | M44: =SUM('7.4 (L) (3)'!M44,'7.4 (P) (3)'!M44) -> 134 | N44: =SUM('7.4 (L) (3)'!N44,'7.4 (P) (3)'!N44) -> 96 | O44: =SUM('7.4 (L) (3)'!O44,'7.4 (P) (3)'!O44) -> 77 | P44: =SUM('7.4 (L) (3)'!P44,'7.4 (P) (3)'!P44) -> 56 | Q44: =SUM('7.4 (L) (3)'!Q44,'7.4 (P) (3)'!Q44) -> 22
D45: 2022 | E45: =SUM('7.4 (L) (3)'!E45,'7.4 (P) (3)'!E45) -> 8 | F45: =SUM('7.4 (L) (3)'!F45,'7.4 (P) (3)'!F45) -> 130 | G45: =SUM('7.4 (L) (3)'!G45,'7.4 (P) (3)'!G45) -> 65 | H45: =SUM('7.4 (L) (3)'!H45,'7.4 (P) (3)'!H45) -> 35 | I45: =SUM('7.4 (L) (3)'!I45,'7.4 (P) (3)'!I45) -> 15 | J45: =SUM('7.4 (L) (3)'!J45,'7.4 (P) (3)'!J45) -> 8 | L45: =SUM('7.4 (L) (3)'!L45,'7.4 (P) (3)'!L45) -> 13 | M45: =SUM('7.4 (L) (3)'!M45,'7.4 (P) (3)'!M45) -> 84 | N45: =SUM('7.4 (L) (3)'!N45,'7.4 (P) (3)'!N45) -> 82 | O45: =SUM('7.4 (L) (3)'!O45,'7.4 (P) (3)'!O45) -> 57 | P45: =SUM('7.4 (L) (3)'!P45,'7.4 (P) (3)'!P45) -> 27 | Q45: =SUM('7.4 (L) (3)'!Q45,'7.4 (P) (3)'!Q45) -> 14
D46: 2023 | E46: =SUM('7.4 (L) (3)'!E46,'7.4 (P) (3)'!E46) -> 9 | F46: =SUM('7.4 (L) (3)'!F46,'7.4 (P) (3)'!F46) -> 154 | G46: =SUM('7.4 (L) (3)'!G46,'7.4 (P) (3)'!G46) -> 112 | H46: =SUM('7.4 (L) (3)'!H46,'7.4 (P) (3)'!H46) -> 64 | I46: =SUM('7.4 (L) (3)'!I46,'7.4 (P) (3)'!I46) -> 31 | J46: =SUM('7.4 (L) (3)'!J46,'7.4 (P) (3)'!J46) -> 6 | L46: =SUM('7.4 (L) (3)'!L46,'7.4 (P) (3)'!L46) -> 13 | M46: =SUM('7.4 (L) (3)'!M46,'7.4 (P) (3)'!M46) -> 116 | N46: =SUM('7.4 (L) (3)'!N46,'7.4 (P) (3)'!N46) -> 104 | O46: =SUM('7.4 (L) (3)'!O46,'7.4 (P) (3)'!O46) -> 109 | P46: =SUM('7.4 (L) (3)'!P46,'7.4 (P) (3)'!P46) -> 76 | Q46: =SUM('7.4 (L) (3)'!Q46,'7.4 (P) (3)'!Q46) -> 44
B48: Perak | D48: 2021 | E48: =SUM('7.4 (L) (3)'!E48,'7.4 (P) (3)'!E48) -> 24 | F48: =SUM('7.4 (L) (3)'!F48,'7.4 (P) (3)'!F48) -> 112 | G48: =SUM('7.4 (L) (3)'!G48,'7.4 (P) (3)'!G48) -> 66 | H48: =SUM('7.4 (L) (3)'!H48,'7.4 (P) (3)'!H48) -> 51 | I48: =SUM('7.4 (L) (3)'!I48,'7.4 (P) (3)'!I48) -> 22 | J48: =SUM('7.4 (L) (3)'!J48,'7.4 (P) (3)'!J48) -> 12 | L48: =SUM('7.4 (L) (3)'!L48,'7.4 (P) (3)'!L48) -> 10 | M48: =SUM('7.4 (L) (3)'!M48,'7.4 (P) (3)'!M48) -> 66 | N48: =SUM('7.4 (L) (3)'!N48,'7.4 (P) (3)'!N48) -> 49 | O48: =SUM('7.4 (L) (3)'!O48,'7.4 (P) (3)'!O48) -> 33 | P48: =SUM('7.4 (L) (3)'!P48,'7.4 (P) (3)'!P48) -> 30 | Q48: =SUM('7.4 (L) (3)'!Q48,'7.4 (P) (3)'!Q48) -> 11
D49: 2022 | E49: =SUM('7.4 (L) (3)'!E49,'7.4 (P) (3)'!E49) -> 8 | F49: =SUM('7.4 (L) (3)'!F49,'7.4 (P) (3)'!F49) -> 79 | G49: =SUM('7.4 (L) (3)'!G49,'7.4 (P) (3)'!G49) -> 77 | H49: =SUM('7.4 (L) (3)'!H49,'7.4 (P) (3)'!H49) -> 22 | I49: =SUM('7.4 (L) (3)'!I49,'7.4 (P) (3)'!I49) -> 7 | J49: =SUM('7.4 (L) (3)'!J49,'7.4 (P) (3)'!J49) -> 7 | L49: =SUM('7.4 (L) (3)'!L49,'7.4 (P) (3)'!L49) -> 8 | M49: =SUM('7.4 (L) (3)'!M49,'7.4 (P) (3)'!M49) -> 42 | N49: =SUM('7.4 (L) (3)'!N49,'7.4 (P) (3)'!N49) -> 55 | O49: =SUM('7.4 (L) (3)'!O49,'7.4 (P) (3)'!O49) -> 40 | P49: =SUM('7.4 (L) (3)'!P49,'7.4 (P) (3)'!P49) -> 33 | Q49: =SUM('7.4 (L) (3)'!Q49,'7.4 (P) (3)'!Q49) -> 21
D50: 2023 | E50: =SUM('7.4 (L) (3)'!E50,'7.4 (P) (3)'!E50) -> 14 | F50: =SUM('7.4 (L) (3)'!F50,'7.4 (P) (3)'!F50) -> 116 | G50: =SUM('7.4 (L) (3)'!G50,'7.4 (P) (3)'!G50) -> 84 | H50: =SUM('7.4 (L) (3)'!H50,'7.4 (P) (3)'!H50) -> 60 | I50: =SUM('7.4 (L) (3)'!I50,'7.4 (P) (3)'!I50) -> 27 | J50: =SUM('7.4 (L) (3)'!J50,'7.4 (P) (3)'!J50) -> 19 | L50: =SUM('7.4 (L) (3)'!L50,'7.4 (P) (3)'!L50) -> 17 | M50: =SUM('7.4 (L) (3)'!M50,'7.4 (P) (3)'!M50) -> 73 | N50: =SUM('7.4 (L) (3)'!N50,'7.4 (P) (3)'!N50) -> 64 | O50: =SUM('7.4 (L) (3)'!O50,'7.4 (P) (3)'!O50) -> 77 | P50: =SUM('7.4 (L) (3)'!P50,'7.4 (P) (3)'!P50) -> 94 | Q50: =SUM('7.4 (L) (3)'!Q50,'7.4 (P) (3)'!Q50) -> 61
B52: Perlis | D52: 2021 | E52: =SUM('7.4 (L) (3)'!E52,'7.4 (P) (3)'!E52) -> 6 | F52: =SUM('7.4 (L) (3)'!F52,'7.4 (P) (3)'!F52) -> 23 | G52: =SUM('7.4 (L) (3)'!G52,'7.4 (P) (3)'!G52) -> 8 | H52: =SUM('7.4 (L) (3)'!H52,'7.4 (P) (3)'!H52) -> 10 | I52: =SUM('7.4 (L) (3)'!I52,'7.4 (P) (3)'!I52) -> 1 | J52: =SUM('7.4 (L) (3)'!J52,'7.4 (P) (3)'!J52) -> 2 | L52: =SUM('7.4 (L) (3)'!L52,'7.4 (P) (3)'!L52) -> 1 | M52: =SUM('7.4 (L) (3)'!M52,'7.4 (P) (3)'!M52) -> 13 | N52: =SUM('7.4 (L) (3)'!N52,'7.4 (P) (3)'!N52) -> 11 | O52: =SUM('7.4 (L) (3)'!O52,'7.4 (P) (3)'!O52) -> 4 | P52: =SUM('7.4 (L) (3)'!P52,'7.4 (P) (3)'!P52) -> 10 | Q52: =SUM('7.4 (L) (3)'!Q52,'7.4 (P) (3)'!Q52) -> 1
D53: 2022 | E53: =SUM('7.4 (L) (3)'!E53,'7.4 (P) (3)'!E53) -> 1 | F53: =SUM('7.4 (L) (3)'!F53,'7.4 (P) (3)'!F53) -> 22 | G53: =SUM('7.4 (L) (3)'!G53,'7.4 (P) (3)'!G53) -> 17 | H53: =SUM('7.4 (L) (3)'!H53,'7.4 (P) (3)'!H53) -> 7 | I53: =SUM('7.4 (L) (3)'!I53,'7.4 (P) (3)'!I53) -> 4 | J53: =SUM('7.4 (L) (3)'!J53,'7.4 (P) (3)'!J53) -> 2 | L53: =SUM('7.4 (L) (3)'!L53,'7.4 (P) (3)'!L53) -> 2 | M53: =SUM('7.4 (L) (3)'!M53,'7.4 (P) (3)'!M53) -> 5 | N53: =SUM('7.4 (L) (3)'!N53,'7.4 (P) (3)'!N53) -> 20 | O53: =SUM('7.4 (L) (3)'!O53,'7.4 (P) (3)'!O53) -> 9 | P53: =SUM('7.4 (L) (3)'!P53,'7.4 (P) (3)'!P53) -> 11 | Q53: =SUM('7.4 (L) (3)'!Q53,'7.4 (P) (3)'!Q53) -> 1
D54: 2023 | E54: =SUM('7.4 (L) (3)'!E54,'7.4 (P) (3)'!E54) -> 4 | F54: =SUM('7.4 (L) (3)'!F54,'7.4 (P) (3)'!F54) -> 22 | G54: =SUM('7.4 (L) (3)'!G54,'7.4 (P) (3)'!G54) -> 18 | H54: =SUM('7.4 (L) (3)'!H54,'7.4 (P) (3)'!H54) -> 11 | I54: =SUM('7.4 (L) (3)'!I54,'7.4 (P) (3)'!I54) -> 7 | J54: =SUM('7.4 (L) (3)'!J54,'7.4 (P) (3)'!J54) -> 0 | L54: =SUM('7.4 (L) (3)'!L54,'7.4 (P) (3)'!L54) -> 6 | M54: =SUM('7.4 (L) (3)'!M54,'7.4 (P) (3)'!M54) -> 10 | N54: =SUM('7.4 (L) (3)'!N54,'7.4 (P) (3)'!N54) -> 18 | O54: =SUM('7.4 (L) (3)'!O54,'7.4 (P) (3)'!O54) -> 11 | P54: =SUM('7.4 (L) (3)'!P54,'7.4 (P) (3)'!P54) -> 8 | Q54: =SUM('7.4 (L) (3)'!Q54,'7.4 (P) (3)'!Q54) -> 9
B56: Selangor | D56: 2021 | E56: =SUM('7.4 (L) (3)'!E56,'7.4 (P) (3)'!E56) -> 31 | F56: =SUM('7.4 (L) (3)'!F56,'7.4 (P) (3)'!F56) -> 249 | G56: =SUM('7.4 (L) (3)'!G56,'7.4 (P) (3)'!G56) -> 185 | H56: =SUM('7.4 (L) (3)'!H56,'7.4 (P) (3)'!H56) -> 115 | I56: =SUM('7.4 (L) (3)'!I56,'7.4 (P) (3)'!I56) -> 41 | J56: =SUM('7.4 (L) (3)'!J56,'7.4 (P) (3)'!J56) -> 26 | L56: =SUM('7.4 (L) (3)'!L56,'7.4 (P) (3)'!L56) -> 9 | M56: =SUM('7.4 (L) (3)'!M56,'7.4 (P) (3)'!M56) -> 125 | N56: =SUM('7.4 (L) (3)'!N56,'7.4 (P) (3)'!N56) -> 126 | O56: =SUM('7.4 (L) (3)'!O56,'7.4 (P) (3)'!O56) -> 110 | P56: =SUM('7.4 (L) (3)'!P56,'7.4 (P) (3)'!P56) -> 81 | Q56: =SUM('7.4 (L) (3)'!Q56,'7.4 (P) (3)'!Q56) -> 24
D57: 2022 | E57: =SUM('7.4 (L) (3)'!E57,'7.4 (P) (3)'!E57) -> 8 | F57: =SUM('7.4 (L) (3)'!F57,'7.4 (P) (3)'!F57) -> 112 | G57: =SUM('7.4 (L) (3)'!G57,'7.4 (P) (3)'!G57) -> 99 | H57: =SUM('7.4 (L) (3)'!H57,'7.4 (P) (3)'!H57) -> 52 | I57: =SUM('7.4 (L) (3)'!I57,'7.4 (P) (3)'!I57) -> 24 | J57: =SUM('7.4 (L) (3)'!J57,'7.4 (P) (3)'!J57) -> 9 | L57: =SUM('7.4 (L) (3)'!L57,'7.4 (P) (3)'!L57) -> 8 | M57: =SUM('7.4 (L) (3)'!M57,'7.4 (P) (3)'!M57) -> 77 | N57: =SUM('7.4 (L) (3)'!N57,'7.4 (P) (3)'!N57) -> 116 | O57: =SUM('7.4 (L) (3)'!O57,'7.4 (P) (3)'!O57) -> 97 | P57: =SUM('7.4 (L) (3)'!P57,'7.4 (P) (3)'!P57) -> 74 | Q57: =SUM('7.4 (L) (3)'!Q57,'7.4 (P) (3)'!Q57) -> 36
D58: 2023 | E58: =SUM('7.4 (L) (3)'!E58,'7.4 (P) (3)'!E58) -> 9 | F58: =SUM('7.4 (L) (3)'!F58,'7.4 (P) (3)'!F58) -> 188 | G58: =SUM('7.4 (L) (3)'!G58,'7.4 (P) (3)'!G58) -> 199 | H58: =SUM('7.4 (L) (3)'!H58,'7.4 (P) (3)'!H58) -> 120 | I58: =SUM('7.4 (L) (3)'!I58,'7.4 (P) (3)'!I58) -> 42 | J58: =SUM('7.4 (L) (3)'!J58,'7.4 (P) (3)'!J58) -> 19 | L58: =SUM('7.4 (L) (3)'!L58,'7.4 (P) (3)'!L58) -> 22 | M58: =SUM('7.4 (L) (3)'!M58,'7.4 (P) (3)'!M58) -> 143 | N58: =SUM('7.4 (L) (3)'!N58,'7.4 (P) (3)'!N58) -> 237 | O58: =SUM('7.4 (L) (3)'!O58,'7.4 (P) (3)'!O58) -> 218 | P58: =SUM('7.4 (L) (3)'!P58,'7.4 (P) (3)'!P58) -> 217 | Q58: =SUM('7.4 (L) (3)'!Q58,'7.4 (P) (3)'!Q58) -> 176
B60: Terengganu | D60: 2021 | E60: =SUM('7.4 (L) (3)'!E60,'7.4 (P) (3)'!E60) -> 15 | F60: =SUM('7.4 (L) (3)'!F60,'7.4 (P) (3)'!F60) -> 78 | G60: =SUM('7.4 (L) (3)'!G60,'7.4 (P) (3)'!G60) -> 50 | H60: =SUM('7.4 (L) (3)'!H60,'7.4 (P) (3)'!H60) -> 26 | I60: =SUM('7.4 (L) (3)'!I60,'7.4 (P) (3)'!I60) -> 12 | J60: =SUM('7.4 (L) (3)'!J60,'7.4 (P) (3)'!J60) -> 5 | L60: =SUM('7.4 (L) (3)'!L60,'7.4 (P) (3)'!L60) -> 7 | M60: =SUM('7.4 (L) (3)'!M60,'7.4 (P) (3)'!M60) -> 26 | N60: =SUM('7.4 (L) (3)'!N60,'7.4 (P) (3)'!N60) -> 28 | O60: =SUM('7.4 (L) (3)'!O60,'7.4 (P) (3)'!O60) -> 19 | P60: =SUM('7.4 (L) (3)'!P60,'7.4 (P) (3)'!P60) -> 25 | Q60: =SUM('7.4 (L) (3)'!Q60,'7.4 (P) (3)'!Q60) -> 1
D61: 2022 | E61: =SUM('7.4 (L) (3)'!E61,'7.4 (P) (3)'!E61) -> 10 | F61: =SUM('7.4 (L) (3)'!F61,'7.4 (P) (3)'!F61) -> 57 | G61: =SUM('7.4 (L) (3)'!G61,'7.4 (P) (3)'!G61) -> 57 | H61: =SUM('7.4 (L) (3)'!H61,'7.4 (P) (3)'!H61) -> 22 | I61: =SUM('7.4 (L) (3)'!I61,'7.4 (P) (3)'!I61) -> 5 | J61: =SUM('7.4 (L) (3)'!J61,'7.4 (P) (3)'!J61) -> 3 | L61: =SUM('7.4 (L) (3)'!L61,'7.4 (P) (3)'!L61) -> 10 | M61: =SUM('7.4 (L) (3)'!M61,'7.4 (P) (3)'!M61) -> 41 | N61: =SUM('7.4 (L) (3)'!N61,'7.4 (P) (3)'!N61) -> 59 | O61: =SUM('7.4 (L) (3)'!O61,'7.4 (P) (3)'!O61) -> 37 | P61: =SUM('7.4 (L) (3)'!P61,'7.4 (P) (3)'!P61) -> 20 | Q61: =SUM('7.4 (L) (3)'!Q61,'7.4 (P) (3)'!Q61) -> 11
D62: 2023 | E62: =SUM('7.4 (L) (3)'!E62,'7.4 (P) (3)'!E62) -> 4 | F62: =SUM('7.4 (L) (3)'!F62,'7.4 (P) (3)'!F62) -> 32 | G62: =SUM('7.4 (L) (3)'!G62,'7.4 (P) (3)'!G62) -> 30 | H62: =SUM('7.4 (L) (3)'!H62,'7.4 (P) (3)'!H62) -> 16 | I62: =SUM('7.4 (L) (3)'!I62,'7.4 (P) (3)'!I62) -> 11 | J62: =SUM('7.4 (L) (3)'!J62,'7.4 (P) (3)'!J62) -> 6 | L62: =SUM('7.4 (L) (3)'!L62,'7.4 (P) (3)'!L62) -> 2 | M62: =SUM('7.4 (L) (3)'!M62,'7.4 (P) (3)'!M62) -> 33 | N62: =SUM('7.4 (L) (3)'!N62,'7.4 (P) (3)'!N62) -> 53 | O62: =SUM('7.4 (L) (3)'!O62,'7.4 (P) (3)'!O62) -> 33 | P62: =SUM('7.4 (L) (3)'!P62,'7.4 (P) (3)'!P62) -> 39 | Q62: =SUM('7.4 (L) (3)'!Q62,'7.4 (P) (3)'!Q62) -> 23
B64: Sabah | D64: 2021 | E64: =SUM('7.4 (L) (3)'!E64,'7.4 (P) (3)'!E64) -> 14 | F64: =SUM('7.4 (L) (3)'!F64,'7.4 (P) (3)'!F64) -> 85 | G64: =SUM('7.4 (L) (3)'!G64,'7.4 (P) (3)'!G64) -> 73 | H64: =SUM('7.4 (L) (3)'!H64,'7.4 (P) (3)'!H64) -> 23 | I64: =SUM('7.4 (L) (3)'!I64,'7.4 (P) (3)'!I64) -> 17 | J64: =SUM('7.4 (L) (3)'!J64,'7.4 (P) (3)'!J64) -> 8 | L64: =SUM('7.4 (L) (3)'!L64,'7.4 (P) (3)'!L64) -> 3 | M64: =SUM('7.4 (L) (3)'!M64,'7.4 (P) (3)'!M64) -> 26 | N64: =SUM('7.4 (L) (3)'!N64,'7.4 (P) (3)'!N64) -> 19 | O64: =SUM('7.4 (L) (3)'!O64,'7.4 (P) (3)'!O64) -> 26 | P64: =SUM('7.4 (L) (3)'!P64,'7.4 (P) (3)'!P64) -> 24 | Q64: =SUM('7.4 (L) (3)'!Q64,'7.4 (P) (3)'!Q64) -> 8
D65: 2022 | E65: =SUM('7.4 (L) (3)'!E65,'7.4 (P) (3)'!E65) -> 4 | F65: =SUM('7.4 (L) (3)'!F65,'7.4 (P) (3)'!F65) -> 52 | G65: =SUM('7.4 (L) (3)'!G65,'7.4 (P) (3)'!G65) -> 48 | H65: =SUM('7.4 (L) (3)'!H65,'7.4 (P) (3)'!H65) -> 18 | I65: =SUM('7.4 (L) (3)'!I65,'7.4 (P) (3)'!I65) -> 6 | J65: =SUM('7.4 (L) (3)'!J65,'7.4 (P) (3)'!J65) -> 8 | L65: =SUM('7.4 (L) (3)'!L65,'7.4 (P) (3)'!L65) -> 7 | M65: =SUM('7.4 (L) (3)'!M65,'7.4 (P) (3)'!M65) -> 37 | N65: =SUM('7.4 (L) (3)'!N65,'7.4 (P) (3)'!N65) -> 61 | O65: =SUM('7.4 (L) (3)'!O65,'7.4 (P) (3)'!O65) -> 32 | P65: =SUM('7.4 (L) (3)'!P65,'7.4 (P) (3)'!P65) -> 25 | Q65: =SUM('7.4 (L) (3)'!Q65,'7.4 (P) (3)'!Q65) -> 5
D66: 2023 | E66: =SUM('7.4 (L) (3)'!E66,'7.4 (P) (3)'!E66) -> 7 | F66: =SUM('7.4 (L) (3)'!F66,'7.4 (P) (3)'!F66) -> 60 | G66: =SUM('7.4 (L) (3)'!G66,'7.4 (P) (3)'!G66) -> 76 | H66: =SUM('7.4 (L) (3)'!H66,'7.4 (P) (3)'!H66) -> 34 | I66: =SUM('7.4 (L) (3)'!I66,'7.4 (P) (3)'!I66) -> 16 | J66: =SUM('7.4 (L) (3)'!J66,'7.4 (P) (3)'!J66) -> 6 | L66: =SUM('7.4 (L) (3)'!L66,'7.4 (P) (3)'!L66) -> 5 | M66: =SUM('7.4 (L) (3)'!M66,'7.4 (P) (3)'!M66) -> 46 | N66: =SUM('7.4 (L) (3)'!N66,'7.4 (P) (3)'!N66) -> 75 | O66: =SUM('7.4 (L) (3)'!O66,'7.4 (P) (3)'!O66) -> 62 | P66: =SUM('7.4 (L) (3)'!P66,'7.4 (P) (3)'!P66) -> 39 | Q66: =SUM('7.4 (L) (3)'!Q66,'7.4 (P) (3)'!Q66) -> 19
B68: Sarawak | D68: 2021 | E68: =SUM('7.4 (L) (3)'!E68,'7.4 (P) (3)'!E68) -> 39 | F68: =SUM('7.4 (L) (3)'!F68,'7.4 (P) (3)'!F68) -> 181 | G68: =SUM('7.4 (L) (3)'!G68,'7.4 (P) (3)'!G68) -> 119 | H68: =SUM('7.4 (L) (3)'!H68,'7.4 (P) (3)'!H68) -> 59 | I68: =SUM('7.4 (L) (3)'!I68,'7.4 (P) (3)'!I68) -> 27 | J68: =SUM('7.4 (L) (3)'!J68,'7.4 (P) (3)'!J68) -> 12 | L68: =SUM('7.4 (L) (3)'!L68,'7.4 (P) (3)'!L68) -> 14 | M68: =SUM('7.4 (L) (3)'!M68,'7.4 (P) (3)'!M68) -> 45 | N68: =SUM('7.4 (L) (3)'!N68,'7.4 (P) (3)'!N68) -> 33 | O68: =SUM('7.4 (L) (3)'!O68,'7.4 (P) (3)'!O68) -> 30 | P68: =SUM('7.4 (L) (3)'!P68,'7.4 (P) (3)'!P68) -> 8 | Q68: =SUM('7.4 (L) (3)'!Q68,'7.4 (P) (3)'!Q68) -> 6
D69: 2022 | E69: =SUM('7.4 (L) (3)'!E69,'7.4 (P) (3)'!E69) -> 13 | F69: =SUM('7.4 (L) (3)'!F69,'7.4 (P) (3)'!F69) -> 96 | G69: =SUM('7.4 (L) (3)'!G69,'7.4 (P) (3)'!G69) -> 70 | H69: =SUM('7.4 (L) (3)'!H69,'7.4 (P) (3)'!H69) -> 31 | I69: =SUM('7.4 (L) (3)'!I69,'7.4 (P) (3)'!I69) -> 12 | J69: =SUM('7.4 (L) (3)'!J69,'7.4 (P) (3)'!J69) -> 10 | L69: =SUM('7.4 (L) (3)'!L69,'7.4 (P) (3)'!L69) -> 5 | M69: =SUM('7.4 (L) (3)'!M69,'7.4 (P) (3)'!M69) -> 34 | N69: =SUM('7.4 (L) (3)'!N69,'7.4 (P) (3)'!N69) -> 44 | O69: =SUM('7.4 (L) (3)'!O69,'7.4 (P) (3)'!O69) -> 34 | P69: =SUM('7.4 (L) (3)'!P69,'7.4 (P) (3)'!P69) -> 17 | Q69: =SUM('7.4 (L) (3)'!Q69,'7.4 (P) (3)'!Q69) -> 10
D70: 2023 | E70: =SUM('7.4 (L) (3)'!E70,'7.4 (P) (3)'!E70) -> 10 | F70: =SUM('7.4 (L) (3)'!F70,'7.4 (P) (3)'!F70) -> 119 | G70: =SUM('7.4 (L) (3)'!G70,'7.4 (P) (3)'!G70) -> 105 | H70: =SUM('7.4 (L) (3)'!H70,'7.4 (P) (3)'!H70) -> 55 | I70: =SUM('7.4 (L) (3)'!I70,'7.4 (P) (3)'!I70) -> 17 | J70: =SUM('7.4 (L) (3)'!J70,'7.4 (P) (3)'!J70) -> 3 | L70: =SUM('7.4 (L) (3)'!L70,'7.4 (P) (3)'!L70) -> 13 | M70: =SUM('7.4 (L) (3)'!M70,'7.4 (P) (3)'!M70) -> 49 | N70: =SUM('7.4 (L) (3)'!N70,'7.4 (P) (3)'!N70) -> 60 | O70: =SUM('7.4 (L) (3)'!O70,'7.4 (P) (3)'!O70) -> 66 | P70: =SUM('7.4 (L) (3)'!P70,'7.4 (P) (3)'!P70) -> 39 | Q70: =SUM('7.4 (L) (3)'!Q70,'7.4 (P) (3)'!Q70) -> 26
B72: W.P. Kuala Lumpur | D72: 2021 | E72: =SUM('7.4 (L) (3)'!E72,'7.4 (P) (3)'!E72) -> 29 | F72: =SUM('7.4 (L) (3)'!F72,'7.4 (P) (3)'!F72) -> 246 | G72: =SUM('7.4 (L) (3)'!G72,'7.4 (P) (3)'!G72) -> 205 | H72: =SUM('7.4 (L) (3)'!H72,'7.4 (P) (3)'!H72) -> 88 | I72: =SUM('7.4 (L) (3)'!I72,'7.4 (P) (3)'!I72) -> 39 | J72: =SUM('7.4 (L) (3)'!J72,'7.4 (P) (3)'!J72) -> 18 | L72: =SUM('7.4 (L) (3)'!L72,'7.4 (P) (3)'!L72) -> 16 | M72: =SUM('7.4 (L) (3)'!M72,'7.4 (P) (3)'!M72) -> 155 | N72: =SUM('7.4 (L) (3)'!N72,'7.4 (P) (3)'!N72) -> 132 | O72: =SUM('7.4 (L) (3)'!O72,'7.4 (P) (3)'!O72) -> 96 | P72: =SUM('7.4 (L) (3)'!P72,'7.4 (P) (3)'!P72) -> 59 | Q72: =SUM('7.4 (L) (3)'!Q72,'7.4 (P) (3)'!Q72) -> 25
D73: 2022 | E73: =SUM('7.4 (L) (3)'!E73,'7.4 (P) (3)'!E73) -> 11 | F73: =SUM('7.4 (L) (3)'!F73,'7.4 (P) (3)'!F73) -> 168 | G73: =SUM('7.4 (L) (3)'!G73,'7.4 (P) (3)'!G73) -> 150 | H73: =SUM('7.4 (L) (3)'!H73,'7.4 (P) (3)'!H73) -> 76 | I73: =SUM('7.4 (L) (3)'!I73,'7.4 (P) (3)'!I73) -> 22 | J73: =SUM('7.4 (L) (3)'!J73,'7.4 (P) (3)'!J73) -> 14 | L73: =SUM('7.4 (L) (3)'!L73,'7.4 (P) (3)'!L73) -> 11 | M73: =SUM('7.4 (L) (3)'!M73,'7.4 (P) (3)'!M73) -> 89 | N73: =SUM('7.4 (L) (3)'!N73,'7.4 (P) (3)'!N73) -> 141 | O73: =SUM('7.4 (L) (3)'!O73,'7.4 (P) (3)'!O73) -> 103 | P73: =SUM('7.4 (L) (3)'!P73,'7.4 (P) (3)'!P73) -> 54 | Q73: =SUM('7.4 (L) (3)'!Q73,'7.4 (P) (3)'!Q73) -> 29
D74: 2023 | E74: =SUM('7.4 (L) (3)'!E74,'7.4 (P) (3)'!E74) -> 11 | F74: =SUM('7.4 (L) (3)'!F74,'7.4 (P) (3)'!F74) -> 136 | G74: =SUM('7.4 (L) (3)'!G74,'7.4 (P) (3)'!G74) -> 187 | H74: =SUM('7.4 (L) (3)'!H74,'7.4 (P) (3)'!H74) -> 73 | I74: =SUM('7.4 (L) (3)'!I74,'7.4 (P) (3)'!I74) -> 33 | J74: =SUM('7.4 (L) (3)'!J74,'7.4 (P) (3)'!J74) -> 24 | L74: =SUM('7.4 (L) (3)'!L74,'7.4 (P) (3)'!L74) -> 7 | M74: =SUM('7.4 (L) (3)'!M74,'7.4 (P) (3)'!M74) -> 121 | N74: =SUM('7.4 (L) (3)'!N74,'7.4 (P) (3)'!N74) -> 184 | O74: =SUM('7.4 (L) (3)'!O74,'7.4 (P) (3)'!O74) -> 151 | P74: =SUM('7.4 (L) (3)'!P74,'7.4 (P) (3)'!P74) -> 96 | Q74: =SUM('7.4 (L) (3)'!Q74,'7.4 (P) (3)'!Q74) -> 76
R76: Sumber: Polis Diraja Malaysia
R77: Source: Royal Malaysia Police

Sheet 7.4
L2: JENAYAH KOMERSIAL
L3: COMMERCIAL CRIMES
B5: Jadual 7.4 | C5: : Statistik mangsa jenayah dalam talian mengikut negeri, kumpulan umur dan jantina, Malaysia, 2021–2023
B6: Table 7.4 | C6: : Statistics of victims for online crime by state, age group and sex , Malaysia, 2021–2023
B8: Lelaki/ Male
B10: Negeri | D10: Tahun | E10: Jumlah
B11: State | D11: Year | E11: Total
E13: 15-20 | F13: 21-30 | G13: 31-40 | H13: 41-50 | I13: 51-60 | J13: ≥61
B16: MALAYSIA | D16: 2021 | E16: =SUM('7.4 (L)'!E16,'7.4 (L)'!L16,'7.4 (L) (2)'!E16,'7.4 (L) (2)'!L16,'7.4 (L) (3)'!E16,'7.4 (L) (3)'!L16,) -> 1003 | F16: =SUM('7.4 (L)'!F16,'7.4 (L)'!M16,'7.4 (L) (2)'!F16,'7.4 (L) (2)'!M16,'7.4 (L) (3)'!F16,'7.4 (L) (3)'!M16,) -> 4415 | G16: =SUM('7.4 (L)'!G16,'7.4 (L)'!N16,'7.4 (L) (2)'!G16,'7.4 (L) (2)'!N16,'7.4 (L) (3)'!G16,'7.4 (L) (3)'!N16,) -> 3122 | H16: =SUM('7.4 (L)'!H16,'7.4 (L)'!O16,'7.4 (L) (2)'!H16,'7.4 (L) (2)'!O16,'7.4 (L) (3)'!H16,'7.4 (L) (3)'!O16,) -> 2361 | I16: =SUM('7.4 (L)'!I16,'7.4 (L)'!P16,'7.4 (L) (2)'!I16,'7.4 (L) (2)'!P16,'7.4 (L) (3)'!I16,'7.4 (L) (3)'!P16,) -> 1529 | J16: =SUM('7.4 (L)'!J16,'7.4 (L)'!Q16,'7.4 (L) (2)'!J16,'7.4 (L) (2)'!Q16,'7.4 (L) (3)'!J16,'7.4 (L) (3)'!Q16,) -> 832
D17: 2022 | E17: =SUM('7.4 (L)'!E17,'7.4 (L)'!L17,'7.4 (L) (2)'!E17,'7.4 (L) (2)'!L17,'7.4 (L) (3)'!E17,'7.4 (L) (3)'!L17,) -> 685 | F17: =SUM('7.4 (L)'!F17,'7.4 (L)'!M17,'7.4 (L) (2)'!F17,'7.4 (L) (2)'!M17,'7.4 (L) (3)'!F17,'7.4 (L) (3)'!M17,) -> 3487 | G17: =SUM('7.4 (L)'!G17,'7.4 (L)'!N17,'7.4 (L) (2)'!G17,'7.4 (L) (2)'!N17,'7.4 (L) (3)'!G17,'7.4 (L) (3)'!N17,) -> 2813 | H17: =SUM('7.4 (L)'!H17,'7.4 (L)'!O17,'7.4 (L) (2)'!H17,'7.4 (L) (2)'!O17,'7.4 (L) (3)'!H17,'7.4 (L) (3)'!O17,) -> 2017 | I17: =SUM('7.4 (L)'!I17,'7.4 (L)'!P17,'7.4 (L) (2)'!I17,'7.4 (L) (2)'!P17,'7.4 (L) (3)'!I17,'7.4 (L) (3)'!P17,) -> 1308 | J17: =SUM('7.4 (L)'!J17,'7.4 (L)'!Q17,'7.4 (L) (2)'!J17,'7.4 (L) (2)'!Q17,'7.4 (L) (3)'!J17,'7.4 (L) (3)'!Q17,) -> 828
D18: 2023 | E18: =SUM('7.4 (L)'!E18,'7.4 (L)'!L18,'7.4 (L) (2)'!E18,'7.4 (L) (2)'!L18,'7.4 (L) (3)'!E18,'7.4 (L) (3)'!L18,) -> 969 | F18: =SUM('7.4 (L)'!F18,'7.4 (L)'!M18,'7.4 (L) (2)'!F18,'7.4 (L) (2)'!M18,'7.4 (L) (3)'!F18,'7.4 (L) (3)'!M18,) -> 4775 | G18: =SUM('7.4 (L)'!G18,'7.4 (L)'!N18,'7.4 (L) (2)'!G18,'7.4 (L) (2)'!N18,'7.4 (L) (3)'!G18,'7.4 (L) (3)'!N18,) -> 4043 | H18: =SUM('7.4 (L)'!H18,'7.4 (L)'!O18,'7.4 (L) (2)'!H18,'7.4 (L) (2)'!O18,'7.4 (L) (3)'!H18,'7.4 (L) (3)'!O18,) -> 3025 | I18: =SUM('7.4 (L)'!I18,'7.4 (L)'!P18,'7.4 (L) (2)'!I18,'7.4 (L) (2)'!P18,'7.4 (L) (3)'!I18,'7.4 (L) (3)'!P18,) -> 2179 | J18: =SUM('7.4 (L)'!J18,'7.4 (L)'!Q18,'7.4 (L) (2)'!J18,'7.4 (L) (2)'!Q18,'7.4 (L) (3)'!J18,'7.4 (L) (3)'!Q18,) -> 1405
B20: Johor | D20: 2021 | E20: =SUM('7.4 (L)'!E20,'7.4 (L)'!L20,'7.4 (L) (2)'!E20,'7.4 (L) (2)'!L20,'7.4 (L) (3)'!E20,'7.4 (L) (3)'!L20,) -> 89 | F20: =SUM('7.4 (L)'!F20,'7.4 (L)'!M20,'7.4 (L) (2)'!F20,'7.4 (L) (2)'!M20,'7.4 (L) (3)'!F20,'7.4 (L) (3)'!M20,) -> 415 | G20: =SUM('7.4 (L)'!G20,'7.4 (L)'!N20,'7.4 (L) (2)'!G20,'7.4 (L) (2)'!N20,'7.4 (L) (3)'!G20,'7.4 (L) (3)'!N20,) -> 291 | H20: =SUM('7.4 (L)'!H20,'7.4 (L)'!O20,'7.4 (L) (2)'!H20,'7.4 (L) (2)'!O20,'7.4 (L) (3)'!H20,'7.4 (L) (3)'!O20,) -> 263 | I20: =SUM('7.4 (L)'!I20,'7.4 (L)'!P20,'7.4 (L) (2)'!I20,'7.4 (L) (2)'!P20,'7.4 (L) (3)'!I20,'7.4 (L) (3)'!P20,) -> 151 | J20: =SUM('7.4 (L)'!J20,'7.4 (L)'!Q20,'7.4 (L) (2)'!J20,'7.4 (L) (2)'!Q20,'7.4 (L) (3)'!J20,'7.4 (L) (3)'!Q20,) -> 85
D21: 2022 | E21: =SUM('7.4 (L)'!E21,'7.4 (L)'!L21,'7.4 (L) (2)'!E21,'7.4 (L) (2)'!L21,'7.4 (L) (3)'!E21,'7.4 (L) (3)'!L21,) -> 67 | F21: =SUM('7.4 (L)'!F21,'7.4 (L)'!M21,'7.4 (L) (2)'!F21,'7.4 (L) (2)'!M21,'7.4 (L) (3)'!F21,'7.4 (L) (3)'!M21,) -> 308 | G21: =SUM('7.4 (L)'!G21,'7.4 (L)'!N21,'7.4 (L) (2)'!G21,'7.4 (L) (2)'!N21,'7.4 (L) (3)'!G21,'7.4 (L) (3)'!N21,) -> 246 | H21: =SUM('7.4 (L)'!H21,'7.4 (L)'!O21,'7.4 (L) (2)'!H21,'7.4 (L) (2)'!O21,'7.4 (L) (3)'!H21,'7.4 (L) (3)'!O21,) -> 233 | I21: =SUM('7.4 (L)'!I21,'7.4 (L)'!P21,'7.4 (L) (2)'!I21,'7.4 (L) (2)'!P21,'7.4 (L) (3)'!I21,'7.4 (L) (3)'!P21,) -> 125 | J21: =SUM('7.4 (L)'!J21,'7.4 (L)'!Q21,'7.4 (L) (2)'!J21,'7.4 (L) (2)'!Q21,'7.4 (L) (3)'!J21,'7.4 (L) (3)'!Q21,) -> 80
D22: 2023 | E22: =SUM('7.4 (L)'!E22,'7.4 (L)'!L22,'7.4 (L) (2)'!E22,'7.4 (L) (2)'!L22,'7.4 (L) (3)'!E22,'7.4 (L) (3)'!L22,) -> 87 | F22: =SUM('7.4 (L)'!F22,'7.4 (L)'!M22,'7.4 (L) (2)'!F22,'7.4 (L) (2)'!M22,'7.4 (L) (3)'!F22,'7.4 (L) (3)'!M22,) -> 512 | G22: =SUM('7.4 (L)'!G22,'7.4 (L)'!N22,'7.4 (L) (2)'!G22,'7.4 (L) (2)'!N22,'7.4 (L) (3)'!G22,'7.4 (L) (3)'!N22,) -> 448 | H22: =SUM('7.4 (L)'!H22,'7.4 (L)'!O22,'7.4 (L) (2)'!H22,'7.4 (L) (2)'!O22,'7.4 (L) (3)'!H22,'7.4 (L) (3)'!O22,) -> 329 | I22: =SUM('7.4 (L)'!I22,'7.4 (L)'!P22,'7.4 (L) (2)'!I22,'7.4 (L) (2)'!P22,'7.4 (L) (3)'!I22,'7.4 (L) (3)'!P22,) -> 261 | J22: =SUM('7.4 (L)'!J22,'7.4 (L)'!Q22,'7.4 (L) (2)'!J22,'7.4 (L) (2)'!Q22,'7.4 (L) (3)'!J22,'7.4 (L) (3)'!Q22,) -> 142
B24: Kedah | D24: 2021 | E24: =SUM('7.4 (L)'!E24,'7.4 (L)'!L24,'7.4 (L) (2)'!E24,'7.4 (L) (2)'!L24,'7.4 (L) (3)'!E24,'7.4 (L) (3)'!L24,) -> 72 | F24: =SUM('7.4 (L)'!F24,'7.4 (L)'!M24,'7.4 (L) (2)'!F24,'7.4 (L) (2)'!M24,'7.4 (L) (3)'!F24,'7.4 (L) (3)'!M24,) -> 288 | G24: =SUM('7.4 (L)'!G24,'7.4 (L)'!N24,'7.4 (L) (2)'!G24,'7.4 (L) (2)'!N24,'7.4 (L) (3)'!G24,'7.4 (L) (3)'!N24,) -> 188 | H24: =SUM('7.4 (L)'!H24,'7.4 (L)'!O24,'7.4 (L) (2)'!H24,'7.4 (L) (2)'!O24,'7.4 (L) (3)'!H24,'7.4 (L) (3)'!O24,) -> 126 | I24: =SUM('7.4 (L)'!I24,'7.4 (L)'!P24,'7.4 (L) (2)'!I24,'7.4 (L) (2)'!P24,'7.4 (L) (3)'!I24,'7.4 (L) (3)'!P24,) -> 98 | J24: =SUM('7.4 (L)'!J24,'7.4 (L)'!Q24,'7.4 (L) (2)'!J24,'7.4 (L) (2)'!Q24,'7.4 (L) (3)'!J24,'7.4 (L) (3)'!Q24,) -> 45
D25: 2022 | E25: =SUM('7.4 (L)'!E25,'7.4 (L)'!L25,'7.4 (L) (2)'!E25,'7.4 (L) (2)'!L25,'7.4 (L) (3)'!E25,'7.4 (L) (3)'!L25,) -> 54 | F25: =SUM('7.4 (L)'!F25,'7.4 (L)'!M25,'7.4 (L) (2)'!F25,'7.4 (L) (2)'!M25,'7.4 (L) (3)'!F25,'7.4 (L) (3)'!M25,) -> 224 | G25: =SUM('7.4 (L)'!G25,'7.4 (L)'!N25,'7.4 (L) (2)'!G25,'7.4 (L) (2)'!N25,'7.4 (L) (3)'!G25,'7.4 (L) (3)'!N25,) -> 151 | H25: =SUM('7.4 (L)'!H25,'7.4 (L)'!O25,'7.4 (L) (2)'!H25,'7.4 (L) (2)'!O25,'7.4 (L) (3)'!H25,'7.4 (L) (3)'!O25,) -> 119 | I25: =SUM('7.4 (L)'!I25,'7.4 (L)'!P25,'7.4 (L) (2)'!I25,'7.4 (L) (2)'!P25,'7.4 (L) (3)'!I25,'7.4 (L) (3)'!P25,) -> 93 | J25: =SUM('7.4 (L)'!J25,'7.4 (L)'!Q25,'7.4 (L) (2)'!J25,'7.4 (L) (2)'!Q25,'7.4 (L) (3)'!J25,'7.4 (L) (3)'!Q25,) -> 62
D26: 2023 | E26: =SUM('7.4 (L)'!E26,'7.4 (L)'!L26,'7.4 (L) (2)'!E26,'7.4 (L) (2)'!L26,'7.4 (L) (3)'!E26,'7.4 (L) (3)'!L26,) -> 65 | F26: =SUM('7.4 (L)'!F26,'7.4 (L)'!M26,'7.4 (L) (2)'!F26,'7.4 (L) (2)'!M26,'7.4 (L) (3)'!F26,'7.4 (L) (3)'!M26,) -> 249 | G26: =SUM('7.4 (L)'!G26,'7.4 (L)'!N26,'7.4 (L) (2)'!G26,'7.4 (L) (2)'!N26,'7.4 (L) (3)'!G26,'7.4 (L) (3)'!N26,) -> 197 | H26: =SUM('7.4 (L)'!H26,'7.4 (L)'!O26,'7.4 (L) (2)'!H26,'7.4 (L) (2)'!O26,'7.4 (L) (3)'!H26,'7.4 (L) (3)'!O26,) -> 178 | I26: =SUM('7.4 (L)'!I26,'7.4 (L)'!P26,'7.4 (L) (2)'!I26,'7.4 (L) (2)'!P26,'7.4 (L) (3)'!I26,'7.4 (L) (3)'!P26,) -> 131 | J26: =SUM('7.4 (L)'!J26,'7.4 (L)'!Q26,'7.4 (L) (2)'!J26,'7.4 (L) (2)'!Q26,'7.4 (L) (3)'!J26,'7.4 (L) (3)'!Q26,) -> 79
B28: Kelantan | D28: 2021 | E28: =SUM('7.4 (L)'!E28,'7.4 (L)'!L28,'7.4 (L) (2)'!E28,'7.4 (L) (2)'!L28,'7.4 (L) (3)'!E28,'7.4 (L) (3)'!L28,) -> 43 | F28: =SUM('7.4 (L)'!F28,'7.4 (L)'!M28,'7.4 (L) (2)'!F28,'7.4 (L) (2)'!M28,'7.4 (L) (3)'!F28,'7.4 (L) (3)'!M28,) -> 123 | G28: =SUM('7.4 (L)'!G28,'7.4 (L)'!N28,'7.4 (L) (2)'!G28,'7.4 (L) (2)'!N28,'7.4 (L) (3)'!G28,'7.4 (L) (3)'!N28,) -> 78 | H28: =SUM('7.4 (L)'!H28,'7.4 (L)'!O28,'7.4 (L) (2)'!H28,'7.4 (L) (2)'!O28,'7.4 (L) (3)'!H28,'7.4 (L) (3)'!O28,) -> 73 | I28: =SUM('7.4 (L)'!I28,'7.4 (L)'!P28,'7.4 (L) (2)'!I28,'7.4 (L) (2)'!P28,'7.4 (L) (3)'!I28,'7.4 (L) (3)'!P28,) -> 39 | J28: =SUM('7.4 (L)'!J28,'7.4 (L)'!Q28,'7.4 (L) (2)'!J28,'7.4 (L) (2)'!Q28,'7.4 (L) (3)'!J28,'7.4 (L) (3)'!Q28,) -> 15
D29: 2022 | E29: =SUM('7.4 (L)'!E29,'7.4 (L)'!L29,'7.4 (L) (2)'!E29,'7.4 (L) (2)'!L29,'7.4 (L) (3)'!E29,'7.4 (L) (3)'!L29,) -> 20 | F29: =SUM('7.4 (L)'!F29,'7.4 (L)'!M29,'7.4 (L) (2)'!F29,'7.4 (L) (2)'!M29,'7.4 (L) (3)'!F29,'7.4 (L) (3)'!M29,) -> 117 | G29: =SUM('7.4 (L)'!G29,'7.4 (L)'!N29,'7.4 (L) (2)'!G29,'7.4 (L) (2)'!N29,'7.4 (L) (3)'!G29,'7.4 (L) (3)'!N29,) -> 88 | H29: =SUM('7.4 (L)'!H29,'7.4 (L)'!O29,'7.4 (L) (2)'!H29,'7.4 (L) (2)'!O29,'7.4 (L) (3)'!H29,'7.4 (L) (3)'!O29,) -> 70 | I29: =SUM('7.4 (L)'!I29,'7.4 (L)'!P29,'7.4 (L) (2)'!I29,'7.4 (L) (2)'!P29,'7.4 (L) (3)'!I29,'7.4 (L) (3)'!P29,) -> 50 | J29: =SUM('7.4 (L)'!J29,'7.4 (L)'!Q29,'7.4 (L) (2)'!J29,'7.4 (L) (2)'!Q29,'7.4 (L) (3)'!J29,'7.4 (L) (3)'!Q29,) -> 19
D30: 2023 | E30: =SUM('7.4 (L)'!E30,'7.4 (L)'!L30,'7.4 (L) (2)'!E30,'7.4 (L) (2)'!L30,'7.4 (L) (3)'!E30,'7.4 (L) (3)'!L30,) -> 25 | F30: =SUM('7.4 (L)'!F30,'7.4 (L)'!M30,'7.4 (L) (2)'!F30,'7.4 (L) (2)'!M30,'7.4 (L) (3)'!F30,'7.4 (L) (3)'!M30,) -> 104 | G30: =SUM('7.4 (L)'!G30,'7.4 (L)'!N30,'7.4 (L) (2)'!G30,'7.4 (L) (2)'!N30,'7.4 (L) (3)'!G30,'7.4 (L) (3)'!N30,) -> 109 | H30: =SUM('7.4 (L)'!H30,'7.4 (L)'!O30,'7.4 (L) (2)'!H30,'7.4 (L) (2)'!O30,'7.4 (L) (3)'!H30,'7.4 (L) (3)'!O30,) -> 92 | I30: =SUM('7.4 (L)'!I30,'7.4 (L)'!P30,'7.4 (L) (2)'!I30,'7.4 (L) (2)'!P30,'7.4 (L) (3)'!I30,'7.4 (L) (3)'!P30,) -> 69 | J30: =SUM('7.4 (L)'!J30,'7.4 (L)'!Q30,'7.4 (L) (2)'!J30,'7.4 (L) (2)'!Q30,'7.4 (L) (3)'!J30,'7.4 (L) (3)'!Q30,) -> 50
B32: Melaka | D32: 2021 | E32: =SUM('7.4 (L)'!E32,'7.4 (L)'!L32,'7.4 (L) (2)'!E32,'7.4 (L) (2)'!L32,'7.4 (L) (3)'!E32,'7.4 (L) (3)'!L32,) -> 38 | F32: =SUM('7.4 (L)'!F32,'7.4 (L)'!M32,'7.4 (L) (2)'!F32,'7.4 (L) (2)'!M32,'7.4 (L) (3)'!F32,'7.4 (L) (3)'!M32,) -> 157 | G32: =SUM('7.4 (L)'!G32,'7.4 (L)'!N32,'7.4 (L) (2)'!G32,'7.4 (L) (2)'!N32,'7.4 (L) (3)'!G32,'7.4 (L) (3)'!N32,) -> 123 | H32: =SUM('7.4 (L)'!H32,'7.4 (L)'!O32,'7.4 (L) (2)'!H32,'7.4 (L) (2)'!O32,'7.4 (L) (3)'!H32,'7.4 (L) (3)'!O32,) -> 97 | I32: =SUM('7.4 (L)'!I32,'7.4 (L)'!P32,'7.4 (L) (2)'!I32,'7.4 (L) (2)'!P32,'7.4 (L) (3)'!I32,'7.4 (L) (3)'!P32,) -> 64 | J32: =SUM('7.4 (L)'!J32,'7.4 (L)'!Q32,'7.4 (L) (2)'!J32,'7.4 (L) (2)'!Q32,'7.4 (L) (3)'!J32,'7.4 (L) (3)'!Q32,) -> 47
D33: 2022 | E33: =SUM('7.4 (L)'!E33,'7.4 (L)'!L33,'7.4 (L) (2)'!E33,'7.4 (L) (2)'!L33,'7.4 (L) (3)'!E33,'7.4 (L) (3)'!L33,) -> 48 | F33: =SUM('7.4 (L)'!F33,'7.4 (L)'!M33,'7.4 (L) (2)'!F33,'7.4 (L) (2)'!M33,'7.4 (L) (3)'!F33,'7.4 (L) (3)'!M33,) -> 208 | G33: =SUM('7.4 (L)'!G33,'7.4 (L)'!N33,'7.4 (L) (2)'!G33,'7.4 (L) (2)'!N33,'7.4 (L) (3)'!G33,'7.4 (L) (3)'!N33,) -> 134 | H33: =SUM('7.4 (L)'!H33,'7.4 (L)'!O33,'7.4 (L) (2)'!H33,'7.4 (L) (2)'!O33,'7.4 (L) (3)'!H33,'7.4 (L) (3)'!O33,) -> 85 | I33: =SUM('7.4 (L)'!I33,'7.4 (L)'!P33,'7.4 (L) (2)'!I33,'7.4 (L) (2)'!P33,'7.4 (L) (3)'!I33,'7.4 (L) (3)'!P33,) -> 56 | J33: =SUM('7.4 (L)'!J33,'7.4 (L)'!Q33,'7.4 (L) (2)'!J33,'7.4 (L) (2)'!Q33,'7.4 (L) (3)'!J33,'7.4 (L) (3)'!Q33,) -> 34
D34: 2023 | E34: =SUM('7.4 (L)'!E34,'7.4 (L)'!L34,'7.4 (L) (2)'!E34,'7.4 (L) (2)'!L34,'7.4 (L) (3)'!E34,'7.4 (L) (3)'!L34,) -> 60 | F34: =SUM('7.4 (L)'!F34,'7.4 (L)'!M34,'7.4 (L) (2)'!F34,'7.4 (L) (2)'!M34,'7.4 (L) (3)'!F34,'7.4 (L) (3)'!M34,) -> 268 | G34: =SUM('7.4 (L)'!G34,'7.4 (L)'!N34,'7.4 (L) (2)'!G34,'7.4 (L) (2)'!N34,'7.4 (L) (3)'!G34,'7.4 (L) (3)'!N34,) -> 172 | H34: =SUM('7.4 (L)'!H34,'7.4 (L)'!O34,'7.4 (L) (2)'!H34,'7.4 (L) (2)'!O34,'7.4 (L) (3)'!H34,'7.4 (L) (3)'!O34,) -> 130 | I34: =SUM('7.4 (L)'!I34,'7.4 (L)'!P34,'7.4 (L) (2)'!I34,'7.4 (L) (2)'!P34,'7.4 (L) (3)'!I34,'7.4 (L) (3)'!P34,) -> 103 | J34: =SUM('7.4 (L)'!J34,'7.4 (L)'!Q34,'7.4 (L) (2)'!J34,'7.4 (L) (2)'!Q34,'7.4 (L) (3)'!J34,'7.4 (L) (3)'!Q34,) -> 60
B36: Negeri Sembilan | D36: 2021 | E36: =SUM('7.4 (L)'!E36,'7.4 (L)'!L36,'7.4 (L) (2)'!E36,'7.4 (L) (2)'!L36,'7.4 (L) (3)'!E36,'7.4 (L) (3)'!L36,) -> 121 | F36: =SUM('7.4 (L)'!F36,'7.4 (L)'!M36,'7.4 (L) (2)'!F36,'7.4 (L) (2)'!M36,'7.4 (L) (3)'!F36,'7.4 (L) (3)'!M36,) -> 415 | G36: =SUM('7.4 (L)'!G36,'7.4 (L)'!N36,'7.4 (L) (2)'!G36,'7.4 (L) (2)'!N36,'7.4 (L) (3)'!G36,'7.4 (L) (3)'!N36,) -> 275 | H36: =SUM('7.4 (L)'!H36,'7.4 (L)'!O36,'7.4 (L) (2)'!H36,'7.4 (L) (2)'!O36,'7.4 (L) (3)'!H36,'7.4 (L) (3)'!O36,) -> 211 | I36: =SUM('7.4 (L)'!I36,'7.4 (L)'!P36,'7.4 (L) (2)'!I36,'7.4 (L) (2)'!P36,'7.4 (L) (3)'!I36,'7.4 (L) (3)'!P36,) -> 117 | J36: =SUM('7.4 (L)'!J36,'7.4 (L)'!Q36,'7.4 (L) (2)'!J36,'7.4 (L) (2)'!Q36,'7.4 (L) (3)'!J36,'7.4 (L) (3)'!Q36,) -> 73
D37: 2022 | E37: =SUM('7.4 (L)'!E37,'7.4 (L)'!L37,'7.4 (L) (2)'!E37,'7.4 (L) (2)'!L37,'7.4 (L) (3)'!E37,'7.4 (L) (3)'!L37,) -> 88 | F37: =SUM('7.4 (L)'!F37,'7.4 (L)'!M37,'7.4 (L) (2)'!F37,'7.4 (L) (2)'!M37,'7.4 (L) (3)'!F37,'7.4 (L) (3)'!M37,) -> 339 | G37: =SUM('7.4 (L)'!G37,'7.4 (L)'!N37,'7.4 (L) (2)'!G37,'7.4 (L) (2)'!N37,'7.4 (L) (3)'!G37,'7.4 (L) (3)'!N37,) -> 252 | H37: =SUM('7.4 (L)'!H37,'7.4 (L)'!O37,'7.4 (L) (2)'!H37,'7.4 (L) (2)'!O37,'7.4 (L) (3)'!H37,'7.4 (L) (3)'!O37,) -> 193 | I37: =SUM('7.4 (L)'!I37,'7.4 (L)'!P37,'7.4 (L) (2)'!I37,'7.4 (L) (2)'!P37,'7.4 (L) (3)'!I37,'7.4 (L) (3)'!P37,) -> 133 | J37: =SUM('7.4 (L)'!J37,'7.4 (L)'!Q37,'7.4 (L) (2)'!J37,'7.4 (L) (2)'!Q37,'7.4 (L) (3)'!J37,'7.4 (L) (3)'!Q37,) -> 80
D38: 2023 | E38: =SUM('7.4 (L)'!E38,'7.4 (L)'!L38,'7.4 (L) (2)'!E38,'7.4 (L) (2)'!L38,'7.4 (L) (3)'!E38,'7.4 (L) (3)'!L38,) -> 95 | F38: =SUM('7.4 (L)'!F38,'7.4 (L)'!M38,'7.4 (L) (2)'!F38,'7.4 (L) (2)'!M38,'7.4 (L) (3)'!F38,'7.4 (L) (3)'!M38,) -> 357 | G38: =SUM('7.4 (L)'!G38,'7.4 (L)'!N38,'7.4 (L) (2)'!G38,'7.4 (L) (2)'!N38,'7.4 (L) (3)'!G38,'7.4 (L) (3)'!N38,) -> 298 | H38: =SUM('7.4 (L)'!H38,'7.4 (L)'!O38,'7.4 (L) (2)'!H38,'7.4 (L) (2)'!O38,'7.4 (L) (3)'!H38,'7.4 (L) (3)'!O38,) -> 228 | I38: =SUM('7.4 (L)'!I38,'7.4 (L)'!P38,'7.4 (L) (2)'!I38,'7.4 (L) (2)'!P38,'7.4 (L) (3)'!I38,'7.4 (L) (3)'!P38,) -> 170 | J38: =SUM('7.4 (L)'!J38,'7.4 (L)'!Q38,'7.4 (L) (2)'!J38,'7.4 (L) (2)'!Q38,'7.4 (L) (3)'!J38,'7.4 (L) (3)'!Q38,) -> 130
B40: Pahang | D40: 2021 | E40: =SUM('7.4 (L)'!E40,'7.4 (L)'!L40,'7.4 (L) (2)'!E40,'7.4 (L) (2)'!L40,'7.4 (L) (3)'!E40,'7.4 (L) (3)'!L40,) -> 65 | F40: =SUM('7.4 (L)'!F40,'7.4 (L)'!M40,'7.4 (L) (2)'!F40,'7.4 (L) (2)'!M40,'7.4 (L) (3)'!F40,'7.4 (L) (3)'!M40,) -> 254 | G40: =SUM('7.4 (L)'!G40,'7.4 (L)'!N40,'7.4 (L) (2)'!G40,'7.4 (L) (2)'!N40,'7.4 (L) (3)'!G40,'7.4 (L) (3)'!N40,) -> 191 | H40: =SUM('7.4 (L)'!H40,'7.4 (L)'!O40,'7.4 (L) (2)'!H40,'7.4 (L) (2)'!O40,'7.4 (L) (3)'!H40,'7.4 (L) (3)'!O40,) -> 123 | I40: =SUM('7.4 (L)'!I40,'7.4 (L)'!P40,'7.4 (L) (2)'!I40,'7.4 (L) (2)'!P40,'7.4 (L) (3)'!I40,'7.4 (L) (3)'!P40,) -> 105 | J40: =SUM('7.4 (L)'!J40,'7.4 (L)'!Q40,'7.4 (L) (2)'!J40,'7.4 (L) (2)'!Q40,'7.4 (L) (3)'!J40,'7.4 (L) (3)'!Q40,) -> 48
D41: 2022 | E41: =SUM('7.4 (L)'!E41,'7.4 (L)'!L41,'7.4 (L) (2)'!E41,'7.4 (L) (2)'!L41,'7.4 (L) (3)'!E41,'7.4 (L) (3)'!L41,) -> 51 | F41: =SUM('7.4 (L)'!F41,'7.4 (L)'!M41,'7.4 (L) (2)'!F41,'7.4 (L) (2)'!M41,'7.4 (L) (3)'!F41,'7.4 (L) (3)'!M41,) -> 264 | G41: =SUM('7.4 (L)'!G41,'7.4 (L)'!N41,'7.4 (L) (2)'!G41,'7.4 (L) (2)'!N41,'7.4 (L) (3)'!G41,'7.4 (L) (3)'!N41,) -> 188 | H41: =SUM('7.4 (L)'!H41,'7.4 (L)'!O41,'7.4 (L) (2)'!H41,'7.4 (L) (2)'!O41,'7.4 (L) (3)'!H41,'7.4 (L) (3)'!O41,) -> 151 | I41: =SUM('7.4 (L)'!I41,'7.4 (L)'!P41,'7.4 (L) (2)'!I41,'7.4 (L) (2)'!P41,'7.4 (L) (3)'!I41,'7.4 (L) (3)'!P41,) -> 91 | J41: =SUM('7.4 (L)'!J41,'7.4 (L)'!Q41,'7.4 (L) (2)'!J41,'7.4 (L) (2)'!Q41,'7.4 (L) (3)'!J41,'7.4 (L) (3)'!Q41,) -> 59
D42: 2023 | E42: =SUM('7.4 (L)'!E42,'7.4 (L)'!L42,'7.4 (L) (2)'!E42,'7.4 (L) (2)'!L42,'7.4 (L) (3)'!E42,'7.4 (L) (3)'!L42,) -> 89 | F42: =SUM('7.4 (L)'!F42,'7.4 (L)'!M42,'7.4 (L) (2)'!F42,'7.4 (L) (2)'!M42,'7.4 (L) (3)'!F42,'7.4 (L) (3)'!M42,) -> 287 | G42: =SUM('7.4 (L)'!G42,'7.4 (L)'!N42,'7.4 (L) (2)'!G42,'7.4 (L) (2)'!N42,'7.4 (L) (3)'!G42,'7.4 (L) (3)'!N42,) -> 256 | H42: =SUM('7.4 (L)'!H42,'7.4 (L)'!O42,'7.4 (L) (2)'!H42,'7.4 (L) (2)'!O42,'7.4 (L) (3)'!H42,'7.4 (L) (3)'!O42,) -> 179 | I42: =SUM('7.4 (L)'!I42,'7.4 (L)'!P42,'7.4 (L) (2)'!I42,'7.4 (L) (2)'!P42,'7.4 (L) (3)'!I42,'7.4 (L) (3)'!P42,) -> 146 | J42: =SUM('7.4 (L)'!J42,'7.4 (L)'!Q42,'7.4 (L) (2)'!J42,'7.4 (L) (2)'!Q42,'7.4 (L) (3)'!J42,'7.4 (L) (3)'!Q42,) -> 70
B44: Pulau Pinang | D44: 2021 | E44: =SUM('7.4 (L)'!E44,'7.4 (L)'!L44,'7.4 (L) (2)'!E44,'7.4 (L) (2)'!L44,'7.4 (L) (3)'!E44,'7.4 (L) (3)'!L44,) -> 107 | F44: =SUM('7.4 (L)'!F44,'7.4 (L)'!M44,'7.4 (L) (2)'!F44,'7.4 (L) (2)'!M44,'7.4 (L) (3)'!F44,'7.4 (L) (3)'!M44,) -> 530 | G44: =SUM('7.4 (L)'!G44,'7.4 (L)'!N44,'7.4 (L) (2)'!G44,'7.4 (L) (2)'!N44,'7.4 (L) (3)'!G44,'7.4 (L) (3)'!N44,) -> 309 | H44: =SUM('7.4 (L)'!H44,'7.4 (L)'!O44,'7.4 (L) (2)'!H44,'7.4 (L) (2)'!O44,'7.4 (L) (3)'!H44,'7.4 (L) (3)'!O44,) -> 236 | I44: =SUM('7.4 (L)'!I44,'7.4 (L)'!P44,'7.4 (L) (2)'!I44,'7.4 (L) (2)'!P44,'7.4 (L) (3)'!I44,'7.4 (L) (3)'!P44,) -> 149 | J44: =SUM('7.4 (L)'!J44,'7.4 (L)'!Q44,'7.4 (L) (2)'!J44,'7.4 (L) (2)'!Q44,'7.4 (L) (3)'!J44,'7.4 (L) (3)'!Q44,) -> 80
D45: 2022 | E45: =SUM('7.4 (L)'!E45,'7.4 (L)'!L45,'7.4 (L) (2)'!E45,'7.4 (L) (2)'!L45,'7.4 (L) (3)'!E45,'7.4 (L) (3)'!L45,) -> 62 | F45: =SUM('7.4 (L)'!F45,'7.4 (L)'!M45,'7.4 (L) (2)'!F45,'7.4 (L) (2)'!M45,'7.4 (L) (3)'!F45,'7.4 (L) (3)'!M45,) -> 349 | G45: =SUM('7.4 (L)'!G45,'7.4 (L)'!N45,'7.4 (L) (2)'!G45,'7.4 (L) (2)'!N45,'7.4 (L) (3)'!G45,'7.4 (L) (3)'!N45,) -> 208 | H45: =SUM('7.4 (L)'!H45,'7.4 (L)'!O45,'7.4 (L) (2)'!H45,'7.4 (L) (2)'!O45,'7.4 (L) (3)'!H45,'7.4 (L) (3)'!O45,) -> 159 | I45: =SUM('7.4 (L)'!I45,'7.4 (L)'!P45,'7.4 (L) (2)'!I45,'7.4 (L) (2)'!P45,'7.4 (L) (3)'!I45,'7.4 (L) (3)'!P45,) -> 112 | J45: =SUM('7.4 (L)'!J45,'7.4 (L)'!Q45,'7.4 (L) (2)'!J45,'7.4 (L) (2)'!Q45,'7.4 (L) (3)'!J45,'7.4 (L) (3)'!Q45,) -> 67
D46: 2023 | E46: =SUM('7.4 (L)'!E46,'7.4 (L)'!L46,'7.4 (L) (2)'!E46,'7.4 (L) (2)'!L46,'7.4 (L) (3)'!E46,'7.4 (L) (3)'!L46,) -> 76 | F46: =SUM('7.4 (L)'!F46,'7.4 (L)'!M46,'7.4 (L) (2)'!F46,'7.4 (L) (2)'!M46,'7.4 (L) (3)'!F46,'7.4 (L) (3)'!M46,) -> 479 | G46: =SUM('7.4 (L)'!G46,'7.4 (L)'!N46,'7.4 (L) (2)'!G46,'7.4 (L) (2)'!N46,'7.4 (L) (3)'!G46,'7.4 (L) (3)'!N46,) -> 319 | H46: =SUM('7.4 (L)'!H46,'7.4 (L)'!O46,'7.4 (L) (2)'!H46,'7.4 (L) (2)'!O46,'7.4 (L) (3)'!H46,'7.4 (L) (3)'!O46,) -> 284 | I46: =SUM('7.4 (L)'!I46,'7.4 (L)'!P46,'7.4 (L) (2)'!I46,'7.4 (L) (2)'!P46,'7.4 (L) (3)'!I46,'7.4 (L) (3)'!P46,) -> 164 | J46: =SUM('7.4 (L)'!J46,'7.4 (L)'!Q46,'7.4 (L) (2)'!J46,'7.4 (L) (2)'!Q46,'7.4 (L) (3)'!J46,'7.4 (L) (3)'!Q46,) -> 104
B48: Perak | D48: 2021 | E48: =SUM('7.4 (L)'!E48,'7.4 (L)'!L48,'7.4 (L) (2)'!E48,'7.4 (L) (2)'!L48,'7.4 (L) (3)'!E48,'7.4 (L) (3)'!L48,) -> 75 | F48: =SUM('7.4 (L)'!F48,'7.4 (L)'!M48,'7.4 (L) (2)'!F48,'7.4 (L) (2)'!M48,'7.4 (L) (3)'!F48,'7.4 (L) (3)'!M48,) -> 287 | G48: =SUM('7.4 (L)'!G48,'7.4 (L)'!N48,'7.4 (L) (2)'!G48,'7.4 (L) (2)'!N48,'7.4 (L) (3)'!G48,'7.4 (L) (3)'!N48,) -> 186 | H48: =SUM('7.4 (L)'!H48,'7.4 (L)'!O48,'7.4 (L) (2)'!H48,'7.4 (L) (2)'!O48,'7.4 (L) (3)'!H48,'7.4 (L) (3)'!O48,) -> 145 | I48: =SUM('7.4 (L)'!I48,'7.4 (L)'!P48,'7.4 (L) (2)'!I48,'7.4 (L) (2)'!P48,'7.4 (L) (3)'!I48,'7.4 (L) (3)'!P48,) -> 114 | J48: =SUM('7.4 (L)'!J48,'7.4 (L)'!Q48,'7.4 (L) (2)'!J48,'7.4 (L) (2)'!Q48,'7.4 (L) (3)'!J48,'7.4 (L) (3)'!Q48,) -> 71
D49: 2022 | E49: =SUM('7.4 (L)'!E49,'7.4 (L)'!L49,'7.4 (L) (2)'!E49,'7.4 (L) (2)'!L49,'7.4 (L) (3)'!E49,'7.4 (L) (3)'!L49,) -> 52 | F49: =SUM('7.4 (L)'!F49,'7.4 (L)'!M49,'7.4 (L) (2)'!F49,'7.4 (L) (2)'!M49,'7.4 (L) (3)'!F49,'7.4 (L) (3)'!M49,) -> 210 | G49: =SUM('7.4 (L)'!G49,'7.4 (L)'!N49,'7.4 (L) (2)'!G49,'7.4 (L) (2)'!N49,'7.4 (L) (3)'!G49,'7.4 (L) (3)'!N49,) -> 211 | H49: =SUM('7.4 (L)'!H49,'7.4 (L)'!O49,'7.4 (L) (2)'!H49,'7.4 (L) (2)'!O49,'7.4 (L) (3)'!H49,'7.4 (L) (3)'!O49,) -> 132 | I49: =SUM('7.4 (L)'!I49,'7.4 (L)'!P49,'7.4 (L) (2)'!I49,'7.4 (L) (2)'!P49,'7.4 (L) (3)'!I49,'7.4 (L) (3)'!P49,) -> 80 | J49: =SUM('7.4 (L)'!J49,'7.4 (L)'!Q49,'7.4 (L) (2)'!J49,'7.4 (L) (2)'!Q49,'7.4 (L) (3)'!J49,'7.4 (L) (3)'!Q49,) -> 74
D50: 2023 | E50: =SUM('7.4 (L)'!E50,'7.4 (L)'!L50,'7.4 (L) (2)'!E50,'7.4 (L) (2)'!L50,'7.4 (L) (3)'!E50,'7.4 (L) (3)'!L50,) -> 92 | F50: =SUM('7.4 (L)'!F50,'7.4 (L)'!M50,'7.4 (L) (2)'!F50,'7.4 (L) (2)'!M50,'7.4 (L) (3)'!F50,'7.4 (L) (3)'!M50,) -> 339 | G50: =SUM('7.4 (L)'!G50,'7.4 (L)'!N50,'7.4 (L) (2)'!G50,'7.4 (L) (2)'!N50,'7.4 (L) (3)'!G50,'7.4 (L) (3)'!N50,) -> 238 | H50: =SUM('7.4 (L)'!H50,'7.4 (L)'!O50,'7.4 (L) (2)'!H50,'7.4 (L) (2)'!O50,'7.4 (L) (3)'!H50,'7.4 (L) (3)'!O50,) -> 189 | I50: =SUM('7.4 (L)'!I50,'7.4 (L)'!P50,'7.4 (L) (2)'!I50,'7.4 (L) (2)'!P50,'7.4 (L) (3)'!I50,'7.4 (L) (3)'!P50,) -> 165 | J50: =SUM('7.4 (L)'!J50,'7.4 (L)'!Q50,'7.4 (L) (2)'!J50,'7.4 (L) (2)'!Q50,'7.4 (L) (3)'!J50,'7.4 (L) (3)'!Q50,) -> 113
B52: Perlis | D52: 2021 | E52: =SUM('7.4 (L)'!E52,'7.4 (L)'!L52,'7.4 (L) (2)'!E52,'7.4 (L) (2)'!L52,'7.4 (L) (3)'!E52,'7.4 (L) (3)'!L52,) -> 18 | F52: =SUM('7.4 (L)'!F52,'7.4 (L)'!M52,'7.4 (L) (2)'!F52,'7.4 (L) (2)'!M52,'7.4 (L) (3)'!F52,'7.4 (L) (3)'!M52,) -> 64 | G52: =SUM('7.4 (L)'!G52,'7.4 (L)'!N52,'7.4 (L) (2)'!G52,'7.4 (L) (2)'!N52,'7.4 (L) (3)'!G52,'7.4 (L) (3)'!N52,) -> 37 | H52: =SUM('7.4 (L)'!H52,'7.4 (L)'!O52,'7.4 (L) (2)'!H52,'7.4 (L) (2)'!O52,'7.4 (L) (3)'!H52,'7.4 (L) (3)'!O52,) -> 27 | I52: =SUM('7.4 (L)'!I52,'7.4 (L)'!P52,'7.4 (L) (2)'!I52,'7.4 (L) (2)'!P52,'7.4 (L) (3)'!I52,'7.4 (L) (3)'!P52,) -> 25 | J52: =SUM('7.4 (L)'!J52,'7.4 (L)'!Q52,'7.4 (L) (2)'!J52,'7.4 (L) (2)'!Q52,'7.4 (L) (3)'!J52,'7.4 (L) (3)'!Q52,) -> 10
D53: 2022 | E53: =SUM('7.4 (L)'!E53,'7.4 (L)'!L53,'7.4 (L) (2)'!E53,'7.4 (L) (2)'!L53,'7.4 (L) (3)'!E53,'7.4 (L) (3)'!L53,) -> 22 | F53: =SUM('7.4 (L)'!F53,'7.4 (L)'!M53,'7.4 (L) (2)'!F53,'7.4 (L) (2)'!M53,'7.4 (L) (3)'!F53,'7.4 (L) (3)'!M53,) -> 45 | G53: =SUM('7.4 (L)'!G53,'7.4 (L)'!N53,'7.4 (L) (2)'!G53,'7.4 (L) (2)'!N53,'7.4 (L) (3)'!G53,'7.4 (L) (3)'!N53,) -> 51 | H53: =SUM('7.4 (L)'!H53,'7.4 (L)'!O53,'7.4 (L) (2)'!H53,'7.4 (L) (2)'!O53,'7.4 (L) (3)'!H53,'7.4 (L) (3)'!O53,) -> 23 | I53: =SUM('7.4 (L)'!I53,'7.4 (L)'!P53,'7.4 (L) (2)'!I53,'7.4 (L) (2)'!P53,'7.4 (L) (3)'!I53,'7.4 (L) (3)'!P53,) -> 20 | J53: =SUM('7.4 (L)'!J53,'7.4 (L)'!Q53,'7.4 (L) (2)'!J53,'7.4 (L) (2)'!Q53,'7.4 (L) (3)'!J53,'7.4 (L) (3)'!Q53,) -> 8
D54: 2023 | E54: =SUM('7.4 (L)'!E54,'7.4 (L)'!L54,'7.4 (L) (2)'!E54,'7.4 (L) (2)'!L54,'7.4 (L) (3)'!E54,'7.4 (L) (3)'!L54,) -> 28 | F54: =SUM('7.4 (L)'!F54,'7.4 (L)'!M54,'7.4 (L) (2)'!F54,'7.4 (L) (2)'!M54,'7.4 (L) (3)'!F54,'7.4 (L) (3)'!M54,) -> 65 | G54: =SUM('7.4 (L)'!G54,'7.4 (L)'!N54,'7.4 (L) (2)'!G54,'7.4 (L) (2)'!N54,'7.4 (L) (3)'!G54,'7.4 (L) (3)'!N54,) -> 47 | H54: =SUM('7.4 (L)'!H54,'7.4 (L)'!O54,'7.4 (L) (2)'!H54,'7.4 (L) (2)'!O54,'7.4 (L) (3)'!H54,'7.4 (L) (3)'!O54,) -> 22 | I54: =SUM('7.4 (L)'!I54,'7.4 (L)'!P54,'7.4 (L) (2)'!I54,'7.4 (L) (2)'!P54,'7.4 (L) (3)'!I54,'7.4 (L) (3)'!P54,) -> 22 | J54: =SUM('7.4 (L)'!J54,'7.4 (L)'!Q54,'7.4 (L) (2)'!J54,'7.4 (L) (2)'!Q54,'7.4 (L) (3)'!J54,'7.4 (L) (3)'!Q54,) -> 16
B56: Selangor | D56: 2021 | E56: =SUM('7.4 (L)'!E56,'7.4 (L)'!L56,'7.4 (L) (2)'!E56,'7.4 (L) (2)'!L56,'7.4 (L) (3)'!E56,'7.4 (L) (3)'!L56,) -> 102 | F56: =SUM('7.4 (L)'!F56,'7.4 (L)'!M56,'7.4 (L) (2)'!F56,'7.4 (L) (2)'!M56,'7.4 (L) (3)'!F56,'7.4 (L) (3)'!M56,) -> 548 | G56: =SUM('7.4 (L)'!G56,'7.4 (L)'!N56,'7.4 (L) (2)'!G56,'7.4 (L) (2)'!N56,'7.4 (L) (3)'!G56,'7.4 (L) (3)'!N56,) -> 431 | H56: =SUM('7.4 (L)'!H56,'7.4 (L)'!O56,'7.4 (L) (2)'!H56,'7.4 (L) (2)'!O56,'7.4 (L) (3)'!H56,'7.4 (L) (3)'!O56,) -> 372 | I56: =SUM('7.4 (L)'!I56,'7.4 (L)'!P56,'7.4 (L) (2)'!I56,'7.4 (L) (2)'!P56,'7.4 (L) (3)'!I56,'7.4 (L) (3)'!P56,) -> 222 | J56: =SUM('7.4 (L)'!J56,'7.4 (L)'!Q56,'7.4 (L) (2)'!J56,'7.4 (L) (2)'!Q56,'7.4 (L) (3)'!J56,'7.4 (L) (3)'!Q56,) -> 121
D57: 2022 | E57: =SUM('7.4 (L)'!E57,'7.4 (L)'!L57,'7.4 (L) (2)'!E57,'7.4 (L) (2)'!L57,'7.4 (L) (3)'!E57,'7.4 (L) (3)'!L57,) -> 41 | F57: =SUM('7.4 (L)'!F57,'7.4 (L)'!M57,'7.4 (L) (2)'!F57,'7.4 (L) (2)'!M57,'7.4 (L) (3)'!F57,'7.4 (L) (3)'!M57,) -> 348 | G57: =SUM('7.4 (L)'!G57,'7.4 (L)'!N57,'7.4 (L) (2)'!G57,'7.4 (L) (2)'!N57,'7.4 (L) (3)'!G57,'7.4 (L) (3)'!N57,) -> 316 | H57: =SUM('7.4 (L)'!H57,'7.4 (L)'!O57,'7.4 (L) (2)'!H57,'7.4 (L) (2)'!O57,'7.4 (L) (3)'!H57,'7.4 (L) (3)'!O57,) -> 231 | I57: =SUM('7.4 (L)'!I57,'7.4 (L)'!P57,'7.4 (L) (2)'!I57,'7.4 (L) (2)'!P57,'7.4 (L) (3)'!I57,'7.4 (L) (3)'!P57,) -> 173 | J57: =SUM('7.4 (L)'!J57,'7.4 (L)'!Q57,'7.4 (L) (2)'!J57,'7.4 (L) (2)'!Q57,'7.4 (L) (3)'!J57,'7.4 (L) (3)'!Q57,) -> 99
D58: 2023 | E58: =SUM('7.4 (L)'!E58,'7.4 (L)'!L58,'7.4 (L) (2)'!E58,'7.4 (L) (2)'!L58,'7.4 (L) (3)'!E58,'7.4 (L) (3)'!L58,) -> 134 | F58: =SUM('7.4 (L)'!F58,'7.4 (L)'!M58,'7.4 (L) (2)'!F58,'7.4 (L) (2)'!M58,'7.4 (L) (3)'!F58,'7.4 (L) (3)'!M58,) -> 835 | G58: =SUM('7.4 (L)'!G58,'7.4 (L)'!N58,'7.4 (L) (2)'!G58,'7.4 (L) (2)'!N58,'7.4 (L) (3)'!G58,'7.4 (L) (3)'!N58,) -> 700 | H58: =SUM('7.4 (L)'!H58,'7.4 (L)'!O58,'7.4 (L) (2)'!H58,'7.4 (L) (2)'!O58,'7.4 (L) (3)'!H58,'7.4 (L) (3)'!O58,) -> 516 | I58: =SUM('7.4 (L)'!I58,'7.4 (L)'!P58,'7.4 (L) (2)'!I58,'7.4 (L) (2)'!P58,'7.4 (L) (3)'!I58,'7.4 (L) (3)'!P58,) -> 392 | J58: =SUM('7.4 (L)'!J58,'7.4 (L)'!Q58,'7.4 (L) (2)'!J58,'7.4 (L) (2)'!Q58,'7.4 (L) (3)'!J58,'7.4 (L) (3)'!Q58,) -> 292
B60: Terengganu | D60: 2021 | E60: =SUM('7.4 (L)'!E60,'7.4 (L)'!L60,'7.4 (L) (2)'!E60,'7.4 (L) (2)'!L60,'7.4 (L) (3)'!E60,'7.4 (L) (3)'!L60,) -> 57 | F60: =SUM('7.4 (L)'!F60,'7.4 (L)'!M60,'7.4 (L) (2)'!F60,'7.4 (L) (2)'!M60,'7.4 (L) (3)'!F60,'7.4 (L) (3)'!M60,) -> 194 | G60: =SUM('7.4 (L)'!G60,'7.4 (L)'!N60,'7.4 (L) (2)'!G60,'7.4 (L) (2)'!N60,'7.4 (L) (3)'!G60,'7.4 (L) (3)'!N60,) -> 120 | H60: =SUM('7.4 (L)'!H60,'7.4 (L)'!O60,'7.4 (L) (2)'!H60,'7.4 (L) (2)'!O60,'7.4 (L) (3)'!H60,'7.4 (L) (3)'!O60,) -> 90 | I60: =SUM('7.4 (L)'!I60,'7.4 (L)'!P60,'7.4 (L) (2)'!I60,'7.4 (L) (2)'!P60,'7.4 (L) (3)'!I60,'7.4 (L) (3)'!P60,) -> 68 | J60: =SUM('7.4 (L)'!J60,'7.4 (L)'!Q60,'7.4 (L) (2)'!J60,'7.4 (L) (2)'!Q60,'7.4 (L) (3)'!J60,'7.4 (L) (3)'!Q60,) -> 18
D61: 2022 | E61: =SUM('7.4 (L)'!E61,'7.4 (L)'!L61,'7.4 (L) (2)'!E61,'7.4 (L) (2)'!L61,'7.4 (L) (3)'!E61,'7.4 (L) (3)'!L61,) -> 37 | F61: =SUM('7.4 (L)'!F61,'7.4 (L)'!M61,'7.4 (L) (2)'!F61,'7.4 (L) (2)'!M61,'7.4 (L) (3)'!F61,'7.4 (L) (3)'!M61,) -> 161 | G61: =SUM('7.4 (L)'!G61,'7.4 (L)'!N61,'7.4 (L) (2)'!G61,'7.4 (L) (2)'!N61,'7.4 (L) (3)'!G61,'7.4 (L) (3)'!N61,) -> 146 | H61: =SUM('7.4 (L)'!H61,'7.4 (L)'!O61,'7.4 (L) (2)'!H61,'7.4 (L) (2)'!O61,'7.4 (L) (3)'!H61,'7.4 (L) (3)'!O61,) -> 97 | I61: =SUM('7.4 (L)'!I61,'7.4 (L)'!P61,'7.4 (L) (2)'!I61,'7.4 (L) (2)'!P61,'7.4 (L) (3)'!I61,'7.4 (L) (3)'!P61,) -> 68 | J61: =SUM('7.4 (L)'!J61,'7.4 (L)'!Q61,'7.4 (L) (2)'!J61,'7.4 (L) (2)'!Q61,'7.4 (L) (3)'!J61,'7.4 (L) (3)'!Q61,) -> 36
D62: 2023 | E62: =SUM('7.4 (L)'!E62,'7.4 (L)'!L62,'7.4 (L) (2)'!E62,'7.4 (L) (2)'!L62,'7.4 (L) (3)'!E62,'7.4 (L) (3)'!L62,) -> 37 | F62: =SUM('7.4 (L)'!F62,'7.4 (L)'!M62,'7.4 (L) (2)'!F62,'7.4 (L) (2)'!M62,'7.4 (L) (3)'!F62,'7.4 (L) (3)'!M62,) -> 146 | G62: =SUM('7.4 (L)'!G62,'7.4 (L)'!N62,'7.4 (L) (2)'!G62,'7.4 (L) (2)'!N62,'7.4 (L) (3)'!G62,'7.4 (L) (3)'!N62,) -> 134 | H62: =SUM('7.4 (L)'!H62,'7.4 (L)'!O62,'7.4 (L) (2)'!H62,'7.4 (L) (2)'!O62,'7.4 (L) (3)'!H62,'7.4 (L) (3)'!O62,) -> 88 | I62: =SUM('7.4 (L)'!I62,'7.4 (L)'!P62,'7.4 (L) (2)'!I62,'7.4 (L) (2)'!P62,'7.4 (L) (3)'!I62,'7.4 (L) (3)'!P62,) -> 87 | J62: =SUM('7.4 (L)'!J62,'7.4 (L)'!Q62,'7.4 (L) (2)'!J62,'7.4 (L) (2)'!Q62,'7.4 (L) (3)'!J62,'7.4 (L) (3)'!Q62,) -> 39
B64: Sabah | D64: 2021 | E64: =SUM('7.4 (L)'!E64,'7.4 (L)'!L64,'7.4 (L) (2)'!E64,'7.4 (L) (2)'!L64,'7.4 (L) (3)'!E64,'7.4 (L) (3)'!L64,) -> 37 | F64: =SUM('7.4 (L)'!F64,'7.4 (L)'!M64,'7.4 (L) (2)'!F64,'7.4 (L) (2)'!M64,'7.4 (L) (3)'!F64,'7.4 (L) (3)'!M64,) -> 152 | G64: =SUM('7.4 (L)'!G64,'7.4 (L)'!N64,'7.4 (L) (2)'!G64,'7.4 (L) (2)'!N64,'7.4 (L) (3)'!G64,'7.4 (L) (3)'!N64,) -> 142 | H64: =SUM('7.4 (L)'!H64,'7.4 (L)'!O64,'7.4 (L) (2)'!H64,'7.4 (L) (2)'!O64,'7.4 (L) (3)'!H64,'7.4 (L) (3)'!O64,) -> 124 | I64: =SUM('7.4 (L)'!I64,'7.4 (L)'!P64,'7.4 (L) (2)'!I64,'7.4 (L) (2)'!P64,'7.4 (L) (3)'!I64,'7.4 (L) (3)'!P64,) -> 80 | J64: =SUM('7.4 (L)'!J64,'7.4 (L)'!Q64,'7.4 (L) (2)'!J64,'7.4 (L) (2)'!Q64,'7.4 (L) (3)'!J64,'7.4 (L) (3)'!Q64,) -> 42
D65: 2022 | E65: =SUM('7.4 (L)'!E65,'7.4 (L)'!L65,'7.4 (L) (2)'!E65,'7.4 (L) (2)'!L65,'7.4 (L) (3)'!E65,'7.4 (L) (3)'!L65,) -> 21 | F65: =SUM('7.4 (L)'!F65,'7.4 (L)'!M65,'7.4 (L) (2)'!F65,'7.4 (L) (2)'!M65,'7.4 (L) (3)'!F65,'7.4 (L) (3)'!M65,) -> 153 | G65: =SUM('7.4 (L)'!G65,'7.4 (L)'!N65,'7.4 (L) (2)'!G65,'7.4 (L) (2)'!N65,'7.4 (L) (3)'!G65,'7.4 (L) (3)'!N65,) -> 162 | H65: =SUM('7.4 (L)'!H65,'7.4 (L)'!O65,'7.4 (L) (2)'!H65,'7.4 (L) (2)'!O65,'7.4 (L) (3)'!H65,'7.4 (L) (3)'!O65,) -> 108 | I65: =SUM('7.4 (L)'!I65,'7.4 (L)'!P65,'7.4 (L) (2)'!I65,'7.4 (L) (2)'!P65,'7.4 (L) (3)'!I65,'7.4 (L) (3)'!P65,) -> 83 | J65: =SUM('7.4 (L)'!J65,'7.4 (L)'!Q65,'7.4 (L) (2)'!J65,'7.4 (L) (2)'!Q65,'7.4 (L) (3)'!J65,'7.4 (L) (3)'!Q65,) -> 43
D66: 2023 | E66: =SUM('7.4 (L)'!E66,'7.4 (L)'!L66,'7.4 (L) (2)'!E66,'7.4 (L) (2)'!L66,'7.4 (L) (3)'!E66,'7.4 (L) (3)'!L66,) -> 28 | F66: =SUM('7.4 (L)'!F66,'7.4 (L)'!M66,'7.4 (L) (2)'!F66,'7.4 (L) (2)'!M66,'7.4 (L) (3)'!F66,'7.4 (L) (3)'!M66,) -> 214 | G66: =SUM('7.4 (L)'!G66,'7.4 (L)'!N66,'7.4 (L) (2)'!G66,'7.4 (L) (2)'!N66,'7.4 (L) (3)'!G66,'7.4 (L) (3)'!N66,) -> 238 | H66: =SUM('7.4 (L)'!H66,'7.4 (L)'!O66,'7.4 (L) (2)'!H66,'7.4 (L) (2)'!O66,'7.4 (L) (3)'!H66,'7.4 (L) (3)'!O66,) -> 200 | I66: =SUM('7.4 (L)'!I66,'7.4 (L)'!P66,'7.4 (L) (2)'!I66,'7.4 (L) (2)'!P66,'7.4 (L) (3)'!I66,'7.4 (L) (3)'!P66,) -> 129 | J66: =SUM('7.4 (L)'!J66,'7.4 (L)'!Q66,'7.4 (L) (2)'!J66,'7.4 (L) (2)'!Q66,'7.4 (L) (3)'!J66,'7.4 (L) (3)'!Q66,) -> 66
B68: Sarawak | D68: 2021 | E68: =SUM('7.4 (L)'!E68,'7.4 (L)'!L68,'7.4 (L) (2)'!E68,'7.4 (L) (2)'!L68,'7.4 (L) (3)'!E68,'7.4 (L) (3)'!L68,) -> 96 | F68: =SUM('7.4 (L)'!F68,'7.4 (L)'!M68,'7.4 (L) (2)'!F68,'7.4 (L) (2)'!M68,'7.4 (L) (3)'!F68,'7.4 (L) (3)'!M68,) -> 363 | G68: =SUM('7.4 (L)'!G68,'7.4 (L)'!N68,'7.4 (L) (2)'!G68,'7.4 (L) (2)'!N68,'7.4 (L) (3)'!G68,'7.4 (L) (3)'!N68,) -> 268 | H68: =SUM('7.4 (L)'!H68,'7.4 (L)'!O68,'7.4 (L) (2)'!H68,'7.4 (L) (2)'!O68,'7.4 (L) (3)'!H68,'7.4 (L) (3)'!O68,) -> 202 | I68: =SUM('7.4 (L)'!I68,'7.4 (L)'!P68,'7.4 (L) (2)'!I68,'7.4 (L) (2)'!P68,'7.4 (L) (3)'!I68,'7.4 (L) (3)'!P68,) -> 112 | J68: =SUM('7.4 (L)'!J68,'7.4 (L)'!Q68,'7.4 (L) (2)'!J68,'7.4 (L) (2)'!Q68,'7.4 (L) (3)'!J68,'7.4 (L) (3)'!Q68,) -> 69
D69: 2022 | E69: =SUM('7.4 (L)'!E69,'7.4 (L)'!L69,'7.4 (L) (2)'!E69,'7.4 (L) (2)'!L69,'7.4 (L) (3)'!E69,'7.4 (L) (3)'!L69,) -> 65 | F69: =SUM('7.4 (L)'!F69,'7.4 (L)'!M69,'7.4 (L) (2)'!F69,'7.4 (L) (2)'!M69,'7.4 (L) (3)'!F69,'7.4 (L) (3)'!M69,) -> 252 | G69: =SUM('7.4 (L)'!G69,'7.4 (L)'!N69,'7.4 (L) (2)'!G69,'7.4 (L) (2)'!N69,'7.4 (L) (3)'!G69,'7.4 (L) (3)'!N69,) -> 223 | H69: =SUM('7.4 (L)'!H69,'7.4 (L)'!O69,'7.4 (L) (2)'!H69,'7.4 (L) (2)'!O69,'7.4 (L) (3)'!H69,'7.4 (L) (3)'!O69,) -> 185 | I69: =SUM('7.4 (L)'!I69,'7.4 (L)'!P69,'7.4 (L) (2)'!I69,'7.4 (L) (2)'!P69,'7.4 (L) (3)'!I69,'7.4 (L) (3)'!P69,) -> 101 | J69: =SUM('7.4 (L)'!J69,'7.4 (L)'!Q69,'7.4 (L) (2)'!J69,'7.4 (L) (2)'!Q69,'7.4 (L) (3)'!J69,'7.4 (L) (3)'!Q69,) -> 64
D70: 2023 | E70: =SUM('7.4 (L)'!E70,'7.4 (L)'!L70,'7.4 (L) (2)'!E70,'7.4 (L) (2)'!L70,'7.4 (L) (3)'!E70,'7.4 (L) (3)'!L70,) -> 75 | F70: =SUM('7.4 (L)'!F70,'7.4 (L)'!M70,'7.4 (L) (2)'!F70,'7.4 (L) (2)'!M70,'7.4 (L) (3)'!F70,'7.4 (L) (3)'!M70,) -> 337 | G70: =SUM('7.4 (L)'!G70,'7.4 (L)'!N70,'7.4 (L) (2)'!G70,'7.4 (L) (2)'!N70,'7.4 (L) (3)'!G70,'7.4 (L) (3)'!N70,) -> 274 | H70: =SUM('7.4 (L)'!H70,'7.4 (L)'!O70,'7.4 (L) (2)'!H70,'7.4 (L) (2)'!O70,'7.4 (L) (3)'!H70,'7.4 (L) (3)'!O70,) -> 259 | I70: =SUM('7.4 (L)'!I70,'7.4 (L)'!P70,'7.4 (L) (2)'!I70,'7.4 (L) (2)'!P70,'7.4 (L) (3)'!I70,'7.4 (L) (3)'!P70,) -> 148 | J70: =SUM('7.4 (L)'!J70,'7.4 (L)'!Q70,'7.4 (L) (2)'!J70,'7.4 (L) (2)'!Q70,'7.4 (L) (3)'!J70,'7.4 (L) (3)'!Q70,) -> 96
B72: W.P. Kuala Lumpur | D72: 2021 | E72: =SUM('7.4 (L)'!E72,'7.4 (L)'!L72,'7.4 (L) (2)'!E72,'7.4 (L) (2)'!L72,'7.4 (L) (3)'!E72,'7.4 (L) (3)'!L72,) -> 83 | F72: =SUM('7.4 (L)'!F72,'7.4 (L)'!M72,'7.4 (L) (2)'!F72,'7.4 (L) (2)'!M72,'7.4 (L) (3)'!F72,'7.4 (L) (3)'!M72,) -> 625 | G72: =SUM('7.4 (L)'!G72,'7.4 (L)'!N72,'7.4 (L) (2)'!G72,'7.4 (L) (2)'!N72,'7.4 (L) (3)'!G72,'7.4 (L) (3)'!N72,) -> 483 | H72: =SUM('7.4 (L)'!H72,'7.4 (L)'!O72,'7.4 (L) (2)'!H72,'7.4 (L) (2)'!O72,'7.4 (L) (3)'!H72,'7.4 (L) (3)'!O72,) -> 272 | I72: =SUM('7.4 (L)'!I72,'7.4 (L)'!P72,'7.4 (L) (2)'!I72,'7.4 (L) (2)'!P72,'7.4 (L) (3)'!I72,'7.4 (L) (3)'!P72,) -> 185 | J72: =SUM('7.4 (L)'!J72,'7.4 (L)'!Q72,'7.4 (L) (2)'!J72,'7.4 (L) (2)'!Q72,'7.4 (L) (3)'!J72,'7.4 (L) (3)'!Q72,) -> 108
D73: 2022 | E73: =SUM('7.4 (L)'!E73,'7.4 (L)'!L73,'7.4 (L) (2)'!E73,'7.4 (L) (2)'!L73,'7.4 (L) (3)'!E73,'7.4 (L) (3)'!L73,) -> 57 | F73: =SUM('7.4 (L)'!F73,'7.4 (L)'!M73,'7.4 (L) (2)'!F73,'7.4 (L) (2)'!M73,'7.4 (L) (3)'!F73,'7.4 (L) (3)'!M73,) -> 509 | G73: =SUM('7.4 (L)'!G73,'7.4 (L)'!N73,'7.4 (L) (2)'!G73,'7.4 (L) (2)'!N73,'7.4 (L) (3)'!G73,'7.4 (L) (3)'!N73,) -> 437 | H73: =SUM('7.4 (L)'!H73,'7.4 (L)'!O73,'7.4 (L) (2)'!H73,'7.4 (L) (2)'!O73,'7.4 (L) (3)'!H73,'7.4 (L) (3)'!O73,) -> 231 | I73: =SUM('7.4 (L)'!I73,'7.4 (L)'!P73,'7.4 (L) (2)'!I73,'7.4 (L) (2)'!P73,'7.4 (L) (3)'!I73,'7.4 (L) (3)'!P73,) -> 123 | J73: =SUM('7.4 (L)'!J73,'7.4 (L)'!Q73,'7.4 (L) (2)'!J73,'7.4 (L) (2)'!Q73,'7.4 (L) (3)'!J73,'7.4 (L) (3)'!Q73,) -> 103
D74: 2023 | E74: =SUM('7.4 (L)'!E74,'7.4 (L)'!L74,'7.4 (L) (2)'!E74,'7.4 (L) (2)'!L74,'7.4 (L) (3)'!E74,'7.4 (L) (3)'!L74,) -> 78 | F74: =SUM('7.4 (L)'!F74,'7.4 (L)'!M74,'7.4 (L) (2)'!F74,'7.4 (L) (2)'!M74,'7.4 (L) (3)'!F74,'7.4 (L) (3)'!M74,) -> 583 | G74: =SUM('7.4 (L)'!G74,'7.4 (L)'!N74,'7.4 (L) (2)'!G74,'7.4 (L) (2)'!N74,'7.4 (L) (3)'!G74,'7.4 (L) (3)'!N74,) -> 613 | H74: =SUM('7.4 (L)'!H74,'7.4 (L)'!O74,'7.4 (L) (2)'!H74,'7.4 (L) (2)'!O74,'7.4 (L) (3)'!H74,'7.4 (L) (3)'!O74,) -> 331 | I74: =SUM('7.4 (L)'!I74,'7.4 (L)'!P74,'7.4 (L) (2)'!I74,'7.4 (L) (2)'!P74,'7.4 (L) (3)'!I74,'7.4 (L) (3)'!P74,) -> 192 | J74: =SUM('7.4 (L)'!J74,'7.4 (L)'!Q74,'7.4 (L) (2)'!J74,'7.4 (L) (2)'!Q74,'7.4 (L) (3)'!J74,'7.4 (L) (3)'!Q74,) -> 148
L76: Sumber: Polis Diraja Malaysia
L77: Source: Royal Malaysia Police

Sheet 7.4 (L)
R2: JENAYAH KOMERSIAL
R3: COMMERCIAL CRIMES
B5: Jadual 7.4 | C5: : Statistik mangsa jenayah dalam talian mengikut negeri, kumpulan umur dan jantina, Malaysia, 2021–2023
B6: Table 7.4 | C6: : Statistics of victims for online crime by state, age group and sex , Malaysia, 2021–2023
B8: Lelaki/ Male
B10: Negeri | D10: Tahun | E10: Jenayah telekomunikasi | L10: E-kewangan
B11: State | D11: Year | E11: Telecommunication crime | L11: e-Finance
E13: 15-20 | F13: 21-30 | G13: 31-40 | H13: 41-50 | I13: 51-60 | J13: ≥61 | L13: 15-20 | M13: 21-30 | N13: 31-40 | O13: 41-50 | P13: 51-60 | Q13: ≥61
B16: MALAYSIA | D16: 2021 | E16: =SUM(E20,E24,E28,E32,E36,E40,E44,E48,E52,E56,E60,E64,E68,E72) -> 137 | F16: =SUM(F20,F24,F28,F32,F36,F40,F44,F48,F52,F56,F60,F64,F68,F72) -> 807 | G16: =SUM(G20,G24,G28,G32,G36,G40,G44,G48,G52,G56,G60,G64,G68,G72) -> 629 | H16: =SUM(H20,H24,H28,H32,H36,H40,H44,H48,H52,H56,H60,H64,H68,H72) -> 538 | I16: =SUM(I20,I24,I28,I32,I36,I40,I44,I48,I52,I56,I60,I64,I68,I72) -> 477 | J16: =SUM(J20,J24,J28,J32,J36,J40,J44,J48,J52,J56,J60,J64,J68,J72) -> 416 | L16: =SUM(L20,L24,L28,L32,L36,L40,L44,L48,L52,L56,L60,L64,L68,L72) -> 34 | M16: =SUM(M20,M24,M28,M32,M36,M40,M44,M48,M52,M56,M60,M64,M68,M72) -> 136 | N16: =SUM(N20,N24,N28,N32,N36,N40,N44,N48,N52,N56,N60,N64,N68,N72) -> 75 | O16: =SUM(O20,O24,O28,O32,O36,O40,O44,O48,O52,O56,O60,O64,O68,O72) -> 67 | P16: =SUM(P20,P24,P28,P32,P36,P40,P44,P48,P52,P56,P60,P64,P68,P72) -> 76 | Q16: =SUM(Q20,Q24,Q28,Q32,Q36,Q40,Q44,Q48,Q52,Q56,Q60,Q64,Q68,Q72) -> 45
D17: 2022 | E17: =SUM(E21,E25,E29,E33,E37,E41,E45,E49,E53,E57,E61,E65,E69,E73) -> 145 | F17: =SUM(F21,F25,F29,F33,F37,F41,F45,F49,F53,F57,F61,F65,F69,F73) -> 945 | G17: =SUM(G21,G25,G29,G33,G37,G41,G45,G49,G53,G57,G61,G65,G69,G73) -> 712 | H17: =SUM(H21,H25,H29,H33,H37,H41,H45,H49,H53,H57,H61,H65,H69,H73) -> 565 | I17: =SUM(I21,I25,I29,I33,I37,I41,I45,I49,I53,I57,I61,I65,I69,I73) -> 492 | J17: =SUM(J21,J25,J29,J33,J37,J41,J45,J49,J53,J57,J61,J65,J69,J73) -> 431 | L17: =SUM(L21,L25,L29,L33,L37,L41,L45,L49,L53,L57,L61,L65,L69,L73) -> 28 | M17: =SUM(M21,M25,M29,M33,M37,M41,M45,M49,M53,M57,M61,M65,M69,M73) -> 114 | N17: =SUM(N21,N25,N29,N33,N37,N41,N45,N49,N53,N57,N61,N65,N69,N73) -> 137 | O17: =SUM(O21,O25,O29,O33,O37,O41,O45,O49,O53,O57,O61,O65,O69,O73) -> 121 | P17: =SUM(P21,P25,P29,P33,P37,P41,P45,P49,P53,P57,P61,P65,P69,P73) -> 88 | Q17: =SUM(Q21,Q25,Q29,Q33,Q37,Q41,Q45,Q49,Q53,Q57,Q61,Q65,Q69,Q73) -> 58
D18: 2023 | E18: =SUM(E22,E26,E30,E34,E38,E42,E46,E50,E54,E58,E62,E66,E70,E74) -> 279 | F18: =SUM(F22,F26,F30,F34,F38,F42,F46,F50,F54,F58,F62,F66,F70,F74) -> 1375 | G18: =SUM(G22,G26,G30,G34,G38,G42,G46,G50,G54,G58,G62,G66,G70,G74) -> 984 | H18: =SUM(H22,H26,H30,H34,H38,H42,H46,H50,H54,H58,H62,H66,H70,H74) -> 729 | I18: =SUM(I22,I26,I30,I34,I38,I42,I46,I50,I54,I58,I62,I66,I70,I74) -> 625 | J18: =SUM(J22,J26,J30,J34,J38,J42,J46,J50,J54,J58,J62,J66,J70,J74) -> 523 | L18: =SUM(L22,L26,L30,L34,L38,L42,L46,L50,L54,L58,L62,L66,L70,L74) -> 59 | M18: =SUM(M22,M26,M30,M34,M38,M42,M46,M50,M54,M58,M62,M66,M70,M74) -> 227 | N18: =SUM(N22,N26,N30,N34,N38,N42,N46,N50,N54,N58,N62,N66,N70,N74) -> 223 | O18: =SUM(O22,O26,O30,O34,O38,O42,O46,O50,O54,O58,O62,O66,O70,O74) -> 211 | P18: =SUM(P22,P26,P30,P34,P38,P42,P46,P50,P54,P58,P62,P66,P70,P74) -> 157 | Q18: =SUM(Q22,Q26,Q30,Q34,Q38,Q42,Q46,Q50,Q54,Q58,Q62,Q66,Q70,Q74) -> 100
B20: Johor | D20: 2021 | E20: 20 | F20: 67 | G20: 49 | H20: 75 | I20: 52 | J20: 46 | L20: 2 | M20: 8 | N20: 2 | O20: 1 | P20: 6 | Q20: 2
D21: 2022 | E21: 11 | F21: 66 | G21: 72 | H21: 50 | I21: 50 | J21: 47 | L21: 2 | M21: 12 | N21: 12 | O21: 16 | P21: 8 | Q21: 5
D22: 2023 | E22: 22 | F22: 148 | G22: 104 | H22: 57 | I22: 76 | J22: 56 | L22: 13 | M22: 36 | N22: 35 | O22: 33 | P22: 35 | Q22: 17
B24: Kedah | D24: 2021 | E24: 9 | F24: 44 | G24: 27 | H24: 31 | I24: 34 | J24: 19 | L24: 1 | M24: 8 | N24: 1 | O24: 2 | P24: 1 | Q24: 1
D25: 2022 | E25: 8 | F25: 63 | G25: 39 | H25: 40 | I25: 35 | J25: 35 | L25: - | M25: 7 | N25: 3 | O25: 3 | P25: 3 | Q25: 8
D26: 2023 | E26: 18 | F26: 57 | G26: 49 | H26: 47 | I26: 36 | J26: 26 | L26: 4 | M26: 12 | N26: 15 | O26: 10 | P26: 13 | Q26: 7
B28: Kelantan | D28: 2021 | E28: 4 | F28: 14 | G28: 10 | H28: 11 | I28: 5 | J28: 7 | L28: 2 | M28: 10 | N28: 6 | O28: 3 | P28: 2 | Q28: 1
D29: 2022 | E29: 2 | F29: 23 | G29: 25 | H29: 28 | I29: 23 | J29: 7 | L29: 1 | M29: 6 | N29: 5 | O29: 7 | P29: 4 | Q29: 2
D30: 2023 | E30: 8 | F30: 24 | G30: 24 | H30: 24 | I30: 29 | J30: 23 | L30: 2 | M30: 5 | N30: 3 | O30: 6 | P30: 5 | Q30: 2
B32: Melaka | D32: 2021 | E32: 2 | F32: 19 | G32: 20 | H32: 22 | I32: 25 | J32: 24 | L32: 2 | M32: 5 | N32: 2 | O32: 3 | P32: 5 | Q32: 3
D33: 2022 | E33: 7 | F33: 51 | G33: 31 | H33: 29 | I33: 17 | J33: 18 | L33: 1 | M33: 2 | N33: 8 | O33: 3 | P33: 1 | Q33: 1
D34: 2023 | E34: 18 | F34: 59 | G34: 35 | H34: 29 | I34: 27 | J34: 10 | L34: 4 | M34: 8 | N34: 6 | O34: 8 | P34: 4 | Q34: 5
B36: Negeri Sembilan | D36: 2021 | E36: 10 | F36: 80 | G36: 50 | H36: 47 | I36: 29 | J36: 34 | L36: 8 | M36: 18 | N36: 9 | O36: 7 | P36: 2 | Q36: 5
D37: 2022 | E37: 31 | F37: 109 | G37: 72 | H37: 57 | I37: 56 | J37: 38 | L37: 8 | M37: 12 | N37: 15 | O37: 10 | P37: 5 | Q37: 4
D38: 2023 | E38: 21 | F38: 94 | G38: 62 | H38: 44 | I38: 51 | J38: 45 | L38: 6 | M38: 16 | N38: 10 | O38: 22 | P38: 10 | Q38: 11
B40: Pahang | D40: 2021 | E40: 8 | F40: 39 | G40: 27 | H40: 27 | I40: 25 | J40: 17 | L40: 3 | M40: 1 | N40: - | O40: 3 | P40: 1 | Q40: 3
D41: 2022 | E41: 4 | F41: 60 | G41: 45 | H41: 33 | I41: 37 | J41: 30 | L41: 2 | M41: 4 | N41: 5 | O41: 2 | P41: 6 | Q41: 1
D42: 2023 | E42: 26 | F42: 60 | G42: 50 | H42: 49 | I42: 35 | J42: 30 | L42: 1 | M42: 8 | N42: 14 | O42: 8 | P42: 8 | Q42: 2
B44: Pulau Pinang | D44: 2021 | E44: 21 | F44: 113 | G44: 76 | H44: 48 | I44: 53 | J44: 49 | L44: 5 | M44: 12 | N44: 6 | O44: 4 | P44: 7 | Q44: 3
D45: 2022 | E45: 12 | F45: 93 | G45: 56 | H45: 46 | I45: 48 | J45: 37 | L45: 2 | M45: 7 | N45: 8 | O45: 5 | P45: 9 | Q45: 1
D46: 2023 | E46: 30 | F46: 139 | G46: 77 | H46: 63 | I46: 50 | J46: 49 | L46: 1 | M46: 10 | N46: 11 | O46: 21 | P46: 7 | Q46: 7
B48: Perak | D48: 2021 | E48: 8 | F48: 57 | G48: 34 | H48: 29 | I48: 39 | J48: 42 | L48: - | M48: 6 | N48: 8 | O48: 1 | P48: 3 | Q48: 2
D49: 2022 | E49: 18 | F49: 63 | G49: 48 | H49: 45 | I49: 38 | J49: 40 | L49: - | M49: 5 | N49: 4 | O49: 11 | P49: 4 | Q49: 6
D50: 2023 | E50: 31 | F50: 85 | G50: 53 | H50: 50 | I50: 47 | J50: 42 | L50: 3 | M50: 17 | N50: 19 | O50: 6 | P50: 12 | Q50: 8
B52: Perlis | D52: 2021 | E52: 3 | F52: 14 | G52: 7 | H52: 7 | I52: 5 | J52: 5 | L52: - | M52: 3 | N52: 1 | O52: 1 | P52: 2 | Q52: 2
D53: 2022 | E53: 8 | F53: 13 | G53: 13 | H53: 4 | I53: 5 | J53: 4 | L53: 1 | M53: 3 | N53: 4 | O53: 4 | P53: - | Q53: 2
D54: 2023 | E54: 10 | F54: 27 | G54: 8 | H54: 3 | I54: 4 | J54: 7 | L54: 1 | M54: 2 | N54: 2 | O54: 2 | P54: 2 | Q54: -
B56: Selangor | D56: 2021 | E56: 12 | F56: 94 | G56: 83 | H56: 72 | I56: 70 | J56: 62 | L56: 2 | M56: 11 | N56: 8 | O56: 10 | P56: 8 | Q56: 2
D57: 2022 | E57: 11 | F57: 86 | G57: 67 | H57: 58 | I57: 51 | J57: 50 | L57: 3 | M57: 10 | N57: 11 | O57: 14 | P57: 8 | Q57: 6
D58: 2023 | E58: 39 | F58: 292 | G58: 171 | H58: 129 | I58: 102 | J58: 101 | L58: 7 | M58: 37 | N58: 51 | O58: 43 | P58: 21 | Q58: 10
B60: Terengganu | D60: 2021 | E60: 2 | F60: 31 | G60: 18 | H60: 14 | I60: 17 | J60: 6 | L60: 6 | M60: 15 | N60: 3 | O60: 4 | P60: 6 | Q60: 4
D61: 2022 | E61: 4 | F61: 43 | G61: 27 | H61: 25 | I61: 22 | J61: 19 | L61: - | M61: 7 | N61: 15 | O61: 4 | P61: 11 | Q61: 5
D62: 2023 | E62: 7 | F62: 44 | G62: 42 | H62: 20 | I62: 20 | J62: 15 | L62: 5 | M62: 14 | N62: 11 | O62: 8 | P62: 10 | Q62: 5
B64: Sabah | D64: 2021 | E64: 6 | F64: 22 | G64: 30 | H64: 26 | I64: 18 | J64: 23 | L64: 1 | M64: 4 | N64: 4 | O64: 5 | P64: 5 | Q64: 3
D65: 2022 | E65: 4 | F65: 50 | G65: 41 | H65: 28 | I65: 33 | J65: 21 | L65: 1 | M65: 4 | N65: 9 | O65: 4 | P65: 4 | Q65: 3
D66: 2023 | E66: 7 | F66: 64 | G66: 54 | H66: 56 | I66: 52 | J66: 26 | L66: 2 | M66: 13 | N66: 8 | O66: 12 | P66: 8 | Q66: 5
B68: Sarawak | D68: 2021 | E68: 18 | F68: 69 | G68: 53 | H68: 45 | I68: 30 | J68: 29 | L68: 2 | M68: 27 | N68: 20 | O68: 16 | P68: 19 | Q68: 11
D69: 2022 | E69: 10 | F69: 77 | G69: 38 | H69: 54 | I69: 30 | J69: 28 | L69: 6 | M69: 18 | N69: 24 | O69: 23 | P69: 17 | Q69: 8
D70: 2023 | E70: 15 | F70: 77 | G70: 46 | H70: 56 | I70: 33 | J70: 45 | L70: 3 | M70: 26 | N70: 17 | O70: 17 | P70: 10 | Q70: 12
B72: W.P. Kuala Lumpur | D72: 2021 | E72: 14 | F72: 144 | G72: 145 | H72: 84 | I72: 75 | J72: 53 | L72: - | M72: 8 | N72: 5 | O72: 7 | P72: 9 | Q72: 3
D73: 2022 | E73: 15 | F73: 148 | G73: 138 | H73: 68 | I73: 47 | J73: 57 | L73: 1 | M73: 17 | N73: 14 | O73: 15 | P73: 8 | Q73: 6
D74: 2023 | E74: 27 | F74: 205 | G74: 209 | H74: 102 | I74: 63 | J74: 48 | L74: 7 | M74: 23 | N74: 21 | O74: 15 | P74: 12 | Q74: 9
R76: Sumber: Polis Diraja Malaysia
R77: Source: Royal Malaysia Police

Sheet 7.4 (L) (2)
R2: JENAYAH KOMERSIAL
R3: COMMERCIAL CRIMES
B5: Jadual 7.4 | C5: : Statistik mangsa jenayah dalam talian mengikut negeri, kumpulan umur dan jantina, Malaysia, 2021–2023 (samb.)
B6: Table 7.4 | C6: : Statistics of victims for online crime by state, age group and sex , Malaysia, 2021–2023 (cont'd)
B8: Lelaki/ Male
B10: Negeri | D10: Tahun | E10: Love scam | L10: E-dagang
B11: State | D11: Year | L11: e-Commerce
E13: 15-20 | F13: 21-30 | G13: 31-40 | H13: 41-50 | I13: 51-60 | J13: ≥61 | L13: 15-20 | M13: 21-30 | N13: 31-40 | O13: 41-50 | P13: 51-60 | Q13: ≥61
B16: MALAYSIA | D16: 2021 | E16: =SUM(E20,E24,E28,E32,E36,E40,E44,E48,E52,E56,E60,E64,E68,E72) -> 10 | F16: =SUM(F20,F24,F28,F32,F36,F40,F44,F48,F52,F56,F60,F64,F68,F72) -> 42 | G16: =SUM(G20,G24,G28,G32,G36,G40,G44,G48,G52,G56,G60,G64,G68,G72) -> 55 | H16: =SUM(H20,H24,H28,H32,H36,H40,H44,H48,H52,H56,H60,H64,H68,H72) -> 53 | I16: =SUM(I20,I24,I28,I32,I36,I40,I44,I48,I52,I56,I60,I64,I68,I72) -> 53 | J16: =SUM(J20,J24,J28,J32,J36,J40,J44,J48,J52,J56,J60,J64,J68,J72) -> 48 | L16: =SUM(L20,L24,L28,L32,L36,L40,L44,L48,L52,L56,L60,L64,L68,L72) -> 577 | M16: =SUM(M20,M24,M28,M32,M36,M40,M44,M48,M52,M56,M60,M64,M68,M72) -> 1819 | N16: =SUM(N20,N24,N28,N32,N36,N40,N44,N48,N52,N56,N60,N64,N68,N72) -> 1226 | O16: =SUM(O20,O24,O28,O32,O36,O40,O44,O48,O52,O56,O60,O64,O68,O72) -> 884 | P16: =SUM(P20,P24,P28,P32,P36,P40,P44,P48,P52,P56,P60,P64,P68,P72) -> 406 | Q16: =SUM(Q20,Q24,Q28,Q32,Q36,Q40,Q44,Q48,Q52,Q56,Q60,Q64,Q68,Q72) -> 84
D17: 2022 | E17: =SUM(E21,E25,E29,E33,E37,E41,E45,E49,E53,E57,E61,E65,E69,E73) -> 7 | F17: =SUM(F21,F25,F29,F33,F37,F41,F45,F49,F53,F57,F61,F65,F69,F73) -> 31 | G17: =SUM(G21,G25,G29,G33,G37,G41,G45,G49,G53,G57,G61,G65,G69,G73) -> 29 | H17: =SUM(H21,H25,H29,H33,H37,H41,H45,H49,H53,H57,H61,H65,H69,H73) -> 30 | I17: =SUM(I21,I25,I29,I33,I37,I41,I45,I49,I53,I57,I61,I65,I69,I73) -> 27 | J17: =SUM(J21,J25,J29,J33,J37,J41,J45,J49,J53,J57,J61,J65,J69,J73) -> 34 | L17: =SUM(L21,L25,L29,L33,L37,L41,L45,L49,L53,L57,L61,L65,L69,L73) -> 367 | M17: =SUM(M21,M25,M29,M33,M37,M41,M45,M49,M53,M57,M61,M65,M69,M73) -> 1390 | N17: =SUM(N21,N25,N29,N33,N37,N41,N45,N49,N53,N57,N61,N65,N69,N73) -> 1063 | O17: =SUM(O21,O25,O29,O33,O37,O41,O45,O49,O53,O57,O61,O65,O69,O73) -> 704 | P17: =SUM(P21,P25,P29,P33,P37,P41,P45,P49,P53,P57,P61,P65,P69,P73) -> 333 | Q17: =SUM(Q21,Q25,Q29,Q33,Q37,Q41,Q45,Q49,Q53,Q57,Q61,Q65,Q69,Q73) -> 87
D18: 2023 | E18: =SUM(E22,E26,E30,E34,E38,E42,E46,E50,E54,E58,E62,E66,E70,E74) -> 7 | F18: =SUM(F22,F26,F30,F34,F38,F42,F46,F50,F54,F58,F62,F66,F70,F74) -> 34 | G18: =SUM(G22,G26,G30,G34,G38,G42,G46,G50,G54,G58,G62,G66,G70,G74) -> 28 | H18: =SUM(H22,H26,H30,H34,H38,H42,H46,H50,H54,H58,H62,H66,H70,H74) -> 42 | I18: =SUM(I22,I26,I30,I34,I38,I42,I46,I50,I54,I58,I62,I66,I70,I74) -> 43 | J18: =SUM(J22,J26,J30,J34,J38,J42,J46,J50,J54,J58,J62,J66,J70,J74) -> 50 | L18: =SUM(L22,L26,L30,L34,L38,L42,L46,L50,L54,L58,L62,L66,L70,L74) -> 471 | M18: =SUM(M22,M26,M30,M34,M38,M42,M46,M50,M54,M58,M62,M66,M70,M74) -> 1888 | N18: =SUM(N22,N26,N30,N34,N38,N42,N46,N50,N54,N58,N62,N66,N70,N74) -> 1514 | O18: =SUM(O22,O26,O30,O34,O38,O42,O46,O50,O54,O58,O62,O66,O70,O74) -> 1050 | P18: =SUM(P22,P26,P30,P34,P38,P42,P46,P50,P54,P58,P62,P66,P70,P74) -> 579 | Q18: =SUM(Q22,Q26,Q30,Q34,Q38,Q42,Q46,Q50,Q54,Q58,Q62,Q66,Q70,Q74) -> 199
B20: Johor | D20: 2021 | E20: - | F20: 1 | G20: 1 | H20: 8 | I20: 4 | J20: 7 | L20: 37 | M20: 163 | N20: 101 | O20: 82 | P20: 37 | Q20: 9
D21: 2022 | E21: - | F21: 3 | G21: 3 | H21: 1 | I21: 3 | J21: 4 | L21: 37 | M21: 122 | N21: 99 | O21: 88 | P21: 32 | Q21: 6
D22: 2023 | E22: - | F22: 2 | G22: 1 | H22: 4 | I22: 8 | J22: 6 | L22: 32 | M22: 167 | N22: 156 | O22: 118 | P22: 56 | Q22: 18
B24: Kedah | D24: 2021 | E24: - | F24: 5 | G24: 3 | H24: 1 | I24: 3 | J24: 7 | L24: 38 | M24: 132 | N24: 74 | O24: 45 | P24: 26 | Q24: 3
D25: 2022 | E25: - | F25: 4 | G25: 2 | H25: 2 | I25: 3 | J25: 2 | L25: 32 | M25: 86 | N25: 54 | O25: 36 | P25: 23 | Q25: 4
D26: 2023 | E26: - | F26: 3 | G26: 2 | H26: 4 | I26: 1 | J26: 4 | L26: 30 | M26: 93 | N26: 77 | O26: 54 | P26: 30 | Q26: 7
B28: Kelantan | D28: 2021 | E28: 1 | F28: 1 | G28: 2 | H28: 3 | I28: 1 | J28: - | L28: 34 | M28: 63 | N28: 34 | O28: 26 | P28: 14 | Q28: -
D29: 2022 | E29: 1 | F29: - | G29: 2 | H29: 2 | I29: 1 | J29: - | L29: 10 | M29: 51 | N29: 27 | O29: 18 | P29: 7 | Q29: 1
D30: 2023 | E30: - | F30: - | G30: - | H30: 3 | I30: 1 | J30: - | L30: 12 | M30: 47 | N30: 47 | O30: 34 | P30: 12 | Q30: 4
B32: Melaka | D32: 2021 | E32: - | F32: 2 | G32: 5 | H32: 4 | I32: 1 | J32: 3 | L32: 22 | M32: 59 | N32: 41 | O32: 30 | P32: 12 | Q32: 4
D33: 2022 | E33: - | F33: 1 | G33: 4 | H33: 1 | I33: 2 | J33: 1 | L33: 29 | M33: 85 | N33: 42 | O33: 30 | P33: 20 | Q33: 1
D34: 2023 | E34: - | F34: 3 | G34: - | H34: 3 | I34: 2 | J34: 2 | L34: 30 | M34: 115 | N34: 56 | O34: 41 | P34: 31 | Q34: 14
B36: Negeri Sembilan | D36: 2021 | E36: 1 | F36: 8 | G36: - | H36: 3 | I36: 5 | J36: 5 | L36: 78 | M36: 174 | N36: 127 | O36: 91 | P36: 40 | Q36: 8
D37: 2022 | E37: - | F37: 3 | G37: 2 | H37: 3 | I37: 3 | J37: 4 | L37: 36 | M37: 113 | N37: 82 | O37: 62 | P37: 28 | Q37: 13
D38: 2023 | E38: 2 | F38: 1 | G38: 2 | H38: 2 | I38: 4 | J38: 5 | L38: 59 | M38: 149 | N38: 135 | O38: 80 | P38: 45 | Q38: 18
B40: Pahang | D40: 2021 | E40: - | F40: 4 | G40: 1 | H40: 2 | I40: 6 | J40: 2 | L40: 33 | M40: 116 | N40: 96 | O40: 46 | P40: 39 | Q40: 3
D41: 2022 | E41: - | F41: 5 | G41: 1 | H41: 4 | I41: 1 | J41: 2 | L41: 39 | M41: 110 | N41: 73 | O41: 62 | P41: 21 | Q41: 11
D42: 2023 | E42: 1 | F42: 2 | G42: 3 | H42: 4 | I42: 2 | J42: 2 | L42: 43 | M42: 120 | N42: 96 | O42: 67 | P42: 44 | Q42: 8
B44: Pulau Pinang | D44: 2021 | E44: 1 | F44: 2 | G44: 8 | H44: 6 | I44: 8 | J44: 3 | L44: 61 | M44: 217 | N44: 106 | O44: 83 | P44: 28 | Q44: 6
D45: 2022 | E45: 1 | F45: 2 | G45: 2 | H45: 2 | I45: 2 | J45: 2 | L45: 34 | M45: 138 | N45: 86 | O45: 53 | P45: 28 | Q45: 10
D46: 2023 | E46: 1 | F46: 3 | G46: 3 | H46: 3 | I46: 3 | J46: 1 | L46: 30 | M46: 194 | N46: 110 | O46: 104 | P46: 46 | Q46: 12
B48: Perak | D48: 2021 | E48: 1 | F48: 2 | G48: 3 | H48: 2 | I48: 5 | J48: 4 | L48: 48 | M48: 125 | N48: 88 | O48: 63 | P48: 31 | Q48: 7
D49: 2022 | E49: 1 | F49: 1 | G49: 2 | H49: 3 | I49: - | J49: 2 | L49: 24 | M49: 86 | N49: 93 | O49: 49 | P49: 13 | Q49: 8
D50: 2023 | E50: 2 | F50: 2 | G50: 3 | H50: 1 | I50: 6 | J50: 8 | L50: 41 | M50: 139 | N50: 92 | O50: 64 | P50: 39 | Q50: 11
B52: Perlis | D52: 2021 | E52: 1 | F52: - | G52: 1 | H52: 1 | I52: 1 | J52: - | L52: 11 | M52: 30 | N52: 17 | O52: 11 | P52: 7 | Q52: 1
D53: 2022 | E53: - | F53: 1 | G53: - | H53: 1 | I53: - | J53: - | L53: 11 | M53: 15 | N53: 15 | O53: 7 | P53: 7 | Q53: -
D54: 2023 | E54: - | F54: - | G54: - | H54: - | I54: - | J54: 2 | L54: 11 | M54: 20 | N54: 14 | O54: 7 | P54: 7 | Q54: 1
B56: Selangor | D56: 2021 | E56: 2 | F56: 8 | G56: 11 | H56: 9 | I56: 10 | J56: 7 | L56: 59 | M56: 210 | N56: 167 | O56: 136 | P56: 57 | Q56: 13
D57: 2022 | E57: 1 | F57: 5 | G57: 1 | H57: 3 | I57: 7 | J57: 4 | L57: 18 | M57: 149 | N57: 132 | O57: 75 | P57: 43 | Q57: 8
D58: 2023 | E58: - | F58: 3 | G58: 3 | H58: 8 | I58: 6 | J58: 9 | L58: 73 | M58: 323 | N58: 259 | O58: 165 | P58: 103 | Q58: 53
B60: Terengganu | D60: 2021 | E60: - | F60: 2 | G60: 3 | H60: 2 | I60: 2 | J60: - | L60: 38 | M60: 86 | N60: 61 | O60: 46 | P60: 17 | Q60: 3
D61: 2022 | E61: 1 | F61: 1 | G61: 2 | H61: 2 | I61: - | J61: - | L61: 20 | M61: 65 | N61: 51 | O61: 34 | P61: 19 | Q61: 1
D62: 2023 | E62: - | F62: - | G62: 2 | H62: 1 | I62: 1 | J62: 1 | L62: 22 | M62: 60 | N62: 43 | O62: 35 | P62: 22 | Q62: -
B64: Sabah | D64: 2021 | E64: - | F64: - | G64: 7 | H64: 2 | I64: 1 | J64: - | L64: 19 | M64: 78 | N64: 57 | O64: 59 | P64: 29 | Q64: 4
D65: 2022 | E65: 1 | F65: - | G65: 2 | H65: 2 | I65: 1 | J65: - | L65: 9 | M65: 60 | N65: 57 | O65: 51 | P65: 25 | Q65: 10
D66: 2023 | E66: - | F66: 2 | G66: 1 | H66: 2 | I66: 3 | J66: - | L66: 13 | M66: 95 | N66: 118 | O66: 84 | P66: 47 | Q66: 18
B68: Sarawak | D68: 2021 | E68: - | F68: 3 | G68: 4 | H68: 6 | I68: 1 | J68: 5 | L68: 53 | M68: 141 | N68: 113 | O68: 86 | P68: 33 | Q68: 9
D69: 2022 | E69: 1 | F69: 2 | G69: 1 | H69: 3 | I69: 2 | J69: 4 | L69: 37 | M69: 97 | N69: 97 | O69: 66 | P69: 35 | Q69: 9
D70: 2023 | E70: - | F70: 6 | G70: 1 | H70: 1 | I70: 1 | J70: 7 | L70: 43 | M70: 148 | N70: 131 | O70: 109 | P70: 63 | Q70: 13
B72: W.P. Kuala Lumpur | D72: 2021 | E72: 3 | F72: 4 | G72: 6 | H72: 4 | I72: 5 | J72: 5 | L72: 46 | M72: 225 | N72: 144 | O72: 80 | P72: 36 | Q72: 14
D73: 2022 | E73: - | F73: 3 | G73: 5 | H73: 1 | I73: 2 | J73: 9 | L73: 31 | M73: 213 | N73: 155 | O73: 73 | P73: 32 | Q73: 5
D74: 2023 | E74: 1 | F74: 7 | G74: 7 | H74: 6 | I74: 5 | J74: 3 | L74: 32 | M74: 218 | N74: 180 | O74: 88 | P74: 34 | Q74: 22
R76: Sumber: Polis Diraja Malaysia
R77: Source: Royal Malaysia Police

Sheet 7.4 (L) (3)
R2: JENAYAH KOMERSIAL
R3: COMMERCIAL CRIMES
B5: Jadual 7.4 | C5: : Statistik mangsa jenayah dalam talian mengikut negeri, kumpulan umur dan jantina, Malaysia, 2021–2023 (samb.)
B6: Table 7.4 | C6: : Statistics of victims for online crime by state, age group and sex , Malaysia, 2021–2023 (cont'd)
B8: Lelaki/ Male
